pct,cum_pct,layer_type,order_in_layer,dur_median_us,dur_max_us,name,layers_count,samples,sequence_consistent,dur_pct_within_type,dur_total_us,dur_mean_us,dur_min_us,offset_in_layer_mean_us,offset_in_layer_median_us,tag,cat,runtime,corr
0.41%,0.41%,odd_long,0,4.840,5.119,triton_red_fused__to_copy_mean_pow_view_0,26,26,True,0.41%,126.618,4.870,4.639,0.000,0.000,mhc_pre,kernel,hipGraphLaunch,33755
0.64%,1.05%,odd_long,1,7.599,8.039,Cijk_Alik_Bljk_S_B_Bias_HA_S_SAV_UserArgs_MT16x16x64_MI16x16x1_SN_LDSB0_AFC0_AFEM1_AFEM1_ASEM1_CLR1_CADS0_DTLA0_DTLB0_DTVA0_DTVB0_EPS0_FDSI0_GRPM1_GRVWA4_GRVWB4_GSU0_GSUAMB_GLS0_ISA950_IU1_K1_LDSTI0_LBSPPA256_LBSPPB256_LBSPPM0_LPA8_LPB8_LPM0_LRVW4_LWPMn1_MIAV0_MIWT1_1_MO40_NTn1_NTA0_NTB0_NTC0_NTD0_NTM0_NEPBS0_NLCA1_NLCB1_ONLL1_PGR2_PLR1_PKA1_SIA3_SS1_SPO0_SRVW0_SSO0_SVW1_SK3_SKFTR0_SKXCCM0_TLDS1_ULSGRO0_USL1_UIOFGRO0_USFGRO0_VSn1_VWA1_VWB1_WSGRA0_WSGRB0_WS64_WG16_4_4,26,26,True,0.64%,197.656,7.602,7.319,4.871,4.841,other,kernel,hipGraphLaunch,33755
0.52%,1.57%,odd_long,2,6.179,6.639,Cijk_SS_BiasS_HAS_ScaleAlphaVec_PostGSU16_VW1,26,26,True,0.52%,160.577,6.176,5.719,12.474,12.460,other,kernel,hipGraphLaunch,33755
0.36%,1.94%,odd_long,3,4.299,4.520,triton_per_fused_mean_pow_1,26,26,True,0.36%,112.178,4.315,4.119,18.651,18.600,mhc_pre,kernel,hipGraphLaunch,33755
0.36%,2.3%,odd_long,4,4.239,4.439,triton_poi_fused_add_mean_mul_pow_rsqrt_2,26,26,True,0.36%,110.575,4.253,4.119,22.967,22.961,mhc_pre,kernel,hipGraphLaunch,33755
0.53%,2.83%,odd_long,5,6.279,6.519,hc_split_sinkhorn_kernel__kernel,26,26,True,0.53%,162.776,6.261,5.919,27.221,27.221,mhc_pre,kernel,hipGraphLaunch,33755
0.36%,3.19%,odd_long,6,4.319,4.439,"void at::native::elementwise_kernel_manual_unroll<128, 4, at::native::gpu_kernel_impl_nocast<at::native::BinaryFunctor<float, float, float, at::native::binary_internal::MulFunctor<float> > >(at::TensorIteratorBase&, at::native::BinaryFunctor<float, float, float, at::native::binary_internal::MulFunctor<float> > const&)::{lambda(int, bool)#1}>(int, at::native::gpu_kernel_impl_nocast<at::native::BinaryFunctor<float, float, float, at::native::binary_internal::MulFunctor<float> > >(at::TensorIteratorBase&, at::native::BinaryFunctor<float, float, float, at::native::binary_internal::MulFunctor<float> > const&)::{lambda(int, bool)#1})",26,26,True,0.36%,111.897,4.304,4.199,33.482,33.520,other,kernel,hipGraphLaunch,33755
0.39%,3.58%,odd_long,7,4.619,5.519,"void at::native::reduce_kernel<128, 4, at::native::ReduceOp<float, at::native::func_wrapper_t<float, at::native::sum_functor<float, float, float>::operator()(at::TensorIterator&)::{lambda(float, float)#2}>, unsigned int, float, 4, 4> >(at::native::ReduceOp<float, at::native::func_wrapper_t<float, at::native::sum_functor<float, float, float>::operator()(at::TensorIterator&)::{lambda(float, float)#2}>, unsigned int, float, 4, 4>)",26,26,True,0.39%,121.375,4.668,4.439,37.787,37.781,other,kernel,hipGraphLaunch,33755
0.37%,3.96%,odd_long,8,4.439,4.519,"void at::native::vectorized_elementwise_kernel<4, at::native::bfloat16_copy_kernel_cuda(at::TensorIteratorBase&)::{lambda(float)#1}, std::array<char*, 2ul> >(int, at::native::bfloat16_copy_kernel_cuda(at::TensorIteratorBase&)::{lambda(float)#1}, std::array<char*, 2ul>)",26,26,True,0.37%,114.974,4.422,4.279,42.456,42.521,copy_cast,kernel,hipGraphLaunch,33755
0.39%,4.34%,odd_long,9,4.559,4.719,_ZN5aiter24add_rmsnorm_quant_kernelIDF16bDF16bLi256ELi32ELb0ELb0ELb1ELi1EEEvPT0_PT_PfS4_S4_S4_diiiiiiib,26,26,True,0.39%,118.735,4.567,4.439,46.879,46.941,norm,kernel,hipGraphLaunch,33755
0.35%,4.7%,odd_long,10,4.199,4.319,_ZN5aiter37dynamic_per_group_scaled_quant_kernelIDF16bDB8_Li32EEEvPT0_PfPKT_PKfiliibPKii,26,26,True,0.35%,109.254,4.202,4.079,51.447,51.501,linear_quant_gemm,kernel,hipGraphLaunch,33755
0.36%,5.06%,odd_long,11,4.319,4.399,"void at::native::vectorized_elementwise_kernel<4, at::native::FillFunctor<float>, std::array<char*, 1ul> >(int, at::native::FillFunctor<float>, std::array<char*, 1ul>)",26,26,True,0.36%,111.256,4.279,4.079,55.650,55.660,other,kernel,hipGraphLaunch,33755
0.37%,5.43%,odd_long,12,4.399,4.639,__amd_rocclr_fillBufferAligned,26,26,True,0.37%,114.734,4.413,4.279,59.930,59.941,other,kernel,hipGraphLaunch,33755
0.58%,6.01%,odd_long,13,6.859,7.319,aiter::fp8gemm_bf16_blockscale_BpreShuffle_48x128,26,26,True,0.58%,179.415,6.901,6.559,64.344,64.321,linear_quant_gemm,kernel,hipGraphLaunch,33755
0.37%,6.38%,odd_long,14,4.339,4.639,_ZN5aiter24add_rmsnorm_quant_kernelIDF16bDF16bLi256ELi8ELb0ELb0ELb1ELi1EEEvPT0_PT_PfS4_S4_S4_diiiiiiib,26,26,True,0.37%,112.735,4.336,4.159,71.246,71.301,norm,kernel,hipGraphLaunch,33755
0.36%,6.73%,odd_long,15,4.199,4.479,_ZN5aiter37dynamic_per_group_scaled_quant_kernelIDF16bDB8_Li32EEEvPT0_PfPKT_PKfiliibPKii,26,26,True,0.36%,109.655,4.218,4.119,75.582,75.561,linear_quant_gemm,kernel,hipGraphLaunch,33755
0.56%,7.29%,odd_long,16,6.620,7.079,"void ck::kernel_gemm_xdl_cshuffle_v3_multi_d_blockscale_b_preshuffle<ck::GridwiseGemmMultiD_blockscale_xdl_cshuffle_v3_b_preshuffle<ck::tensor_layout::gemm::RowMajor, ck::tensor_layout::gemm::ColumnMajor, ck::Tuple<>, ck::tensor_layout::gemm::RowMajor, ck::f8_fnuz_t, ck::f8_fnuz_t, float, float, ck::Tuple<>, unsigned short, ck::tensor_operation::element_wise::PassThrough, ck::tensor_operation::element_wise::PassThrough, ck::tensor_operation::element_wise::PassThrough, (ck::tensor_operation::device::GemmSpecialization)0, 256, 1, 128, 128, 16, 64, 256, 16, 16, 16, 16, 1, 1, ck::Sequence<16, 16, 1>, ck::Sequence<1, 0, 2>, ck::Sequence<1, 0, 2>, 2, 16, 16, false, 0, ck::Sequence<16, 16, 1>, ck::Sequence<1, 0, 2>, ck::Sequence<1, 0, 2>, 2, 16, 16, false, 0, 1, 1, ck::Sequence<1, 16, 1, 16>, ck::Sequence<4>, (ck::BlockGemmPipelineScheduler)0, (ck::BlockGemmPipelineVersion)0, ck::f8_fnuz_t, ck::f8_fnuz_t, ck::f8_fnuz_t, ck::f8_fnuz_t>, true, (ck::InMemoryDataOperationEnum)0, 2, (ck::TailNumber)1>(ck::GridwiseGemmMultiD_blockscale_xdl_cshuffle_v3_b_preshuffle<ck::tensor_layout::gemm::RowMajor, ck::tensor_layout::gemm::ColumnMajor, ck::Tuple<>, ck::tensor_layout::gemm::RowMajor, ck::f8_fnuz_t, ck::f8_fnuz_t, float, float, ck::Tuple<>, unsigned short, ck::tensor_operation::element_wise::PassThrough, ck::tensor_operation::element_wise::PassThrough, ck::tensor_operation::element_wise::PassThrough, (ck::tensor_operation::device::GemmSpecialization)0, 256, 1, 128, 128, 16, 64, 256, 16, 16, 16, 16, 1, 1, ck::Sequence<16, 16, 1>, ck::Sequence<1, 0, 2>, ck::Sequence<1, 0, 2>, 2, 16, 16, false, 0, ck::Sequence<16, 16, 1>, ck::Sequence<1, 0, 2>, ck::Sequence<1, 0, 2>, 2, 16, 16, false, 0, 1, 1, ck::Sequence<1, 16, 1, 16>, ck::Sequence<4>, (ck::BlockGemmPipelineScheduler)0, (ck::BlockGemmPipelineVersion)0, ck::f8_fnuz_t, ck::f8_fnuz_t, ck::f8_fnuz_t, ck::f8_fnuz_t>::Argument)",26,26,True,0.56%,172.698,6.642,6.359,79.801,79.721,linear_quant_gemm,kernel,hipGraphLaunch,33755
0.38%,7.67%,odd_long,17,4.439,4.679,_rms_normalize_kernel,26,26,True,0.38%,115.894,4.457,4.319,86.444,86.381,norm,kernel,hipGraphLaunch,33755
0.38%,8.06%,odd_long,18,4.559,4.679,_ZN5aiter37dynamic_per_group_scaled_quant_kernelIDF16bDB8_Li32EEEvPT0_PfPKT_PKfiliibPKii,26,26,True,0.38%,118.458,4.556,4.399,90.903,90.801,linear_quant_gemm,kernel,hipGraphLaunch,33755
0.4%,8.46%,odd_long,19,4.759,4.999,_gemm_a8w8_blockscale_kernel_GROUP_K_128_GROUP_N_128_BLOCK_SIZE_M_16_BLOCK_SIZE_N_16_BLOCK_SIZE_K_128_GROUP_SIZE_M_4_NUM_KSPLIT_14_SPLITK_BLOCK_SIZE_512_EVEN_K_1_GRID_MN_32_cache_modifier_CG,26,26,True,0.4%,124.015,4.770,4.599,95.460,95.281,linear_quant_gemm,kernel,hipGraphLaunch,33755
0.39%,8.85%,odd_long,20,4.639,4.760,_gemm_a8w8_blockscale_reduce_kernel_BLOCK_SIZE_M_32_BLOCK_SIZE_N_32_ACTUAL_KSPLIT_14_MAX_KSPLIT_16,26,26,True,0.39%,119.859,4.610,4.440,100.231,100.081,linear_quant_gemm,kernel,hipGraphLaunch,33755
0.38%,9.23%,odd_long,21,4.519,4.679,_ZN5aiter24add_rmsnorm_quant_kernelIDF16bDF16bLi64ELi8ELb0ELb0ELb1ELi1EEEvPT0_PT_PfS4_S4_S4_diiiiiiib,26,26,True,0.38%,117.414,4.516,4.399,104.842,104.661,norm,kernel,hipGraphLaunch,33755
0.38%,9.6%,odd_long,22,4.439,4.679,apply_rotary_emb_triton_kernel,26,26,True,0.38%,115.696,4.450,4.279,109.358,109.302,rope,kernel,hipGraphLaunch,33755
0.35%,9.96%,odd_long,23,4.199,4.279,apply_rotary_emb_triton_kernel,26,26,True,0.35%,108.657,4.179,4.079,113.809,113.742,rope,kernel,hipGraphLaunch,33755
0.36%,10.31%,odd_long,24,4.239,4.359,"void at::native::vectorized_elementwise_kernel<4, at::native::bfloat16tofloat32_copy_kernel_cuda(at::TensorIteratorBase&)::{lambda(c10::BFloat16)#1}, std::array<char*, 2ul> >(int, at::native::bfloat16tofloat32_copy_kernel_cuda(at::TensorIteratorBase&)::{lambda(c10::BFloat16)#1}, std::array<char*, 2ul>)",26,26,True,0.36%,109.815,4.224,4.119,117.989,117.882,copy_cast,kernel,hipGraphLaunch,33755
0.83%,11.15%,odd_long,25,9.679,11.000,"void at::native::vectorized_elementwise_kernel<4, at::native::bfloat16tofloat32_copy_kernel_cuda(at::TensorIteratorBase&)::{lambda(c10::BFloat16)#1}, std::array<char*, 2ul> >(int, at::native::bfloat16tofloat32_copy_kernel_cuda(at::TensorIteratorBase&)::{lambda(c10::BFloat16)#1}, std::array<char*, 2ul>)",26,26,True,0.83%,256.295,9.857,9.439,122.214,122.122,copy_cast,kernel,hipGraphLaunch,33755
0.79%,11.94%,odd_long,26,9.299,10.920,Cijk_Alik_Bljk_S_B_Bias_HA_S_SAV_UserArgs_MT64x16x64_MI16x16x1_SN_LDSB1_AFC0_AFEM1_AFEM1_ASEM1_CLR1_CADS0_DTLA0_DTLB0_DTVA0_DTVB0_EPS0_FDSI0_GRPM1_GRVWA4_GRVWB4_GSU0_GSUAMB_GLS0_ISA950_IU1_K1_LDSTI0_LBSPPA256_LBSPPB256_LBSPPM0_LPA8_LPB8_LPM0_LRVW4_LWPMn1_MIAV0_MIWT4_1_MO40_NTn1_NTA4_NTB0_NTC0_NTD0_NTM0_NEPBS0_NLCA1_NLCB1_ONLL1_PGR2_PLR1_PKA1_SIA3_SS1_SPO0_SRVW0_SSO0_SVW1_SK3_SKFTR0_SKXCCM8_TLDS1_ULSGRO0_USL1_UIOFGRO0_USFGRO0_VSn1_VWA1_VWB1_WSGRA0_WSGRB0_WS64_WG16_4_4,26,26,True,0.79%,244.136,9.390,9.079,132.073,132.022,other,kernel,hipGraphLaunch,33755
0.61%,12.55%,odd_long,27,7.199,7.679,Cijk_SS_BiasS_HAS_ScaleAlphaVec_PostGSU16_VW4,26,26,True,0.61%,187.175,7.199,6.679,141.463,141.422,other,kernel,hipGraphLaunch,33755
0.37%,12.91%,odd_long,28,4.339,4.519,"void at::native::elementwise_kernel_manual_unroll<128, 4, at::native::gpu_kernel_impl<at::native::direct_copy_kernel_cuda(at::TensorIteratorBase&)::{lambda()#3}::operator()() const::{lambda()#3}::operator()() const::{lambda(int)#1}>(at::TensorIteratorBase&, at::native::direct_copy_kernel_cuda(at::TensorIteratorBase&)::{lambda()#3}::operator()() const::{lambda()#3}::operator()() const::{lambda(int)#1} const&)::{lambda(int, bool)#1}>(int, at::native::gpu_kernel_impl<at::native::direct_copy_kernel_cuda(at::TensorIteratorBase&)::{lambda()#3}::operator()() const::{lambda()#3}::operator()() const::{lambda(int)#1}>(at::TensorIteratorBase&, at::native::direct_copy_kernel_cuda(at::TensorIteratorBase&)::{lambda()#3}::operator()() const::{lambda()#3}::operator()() const::{lambda(int)#1} const&)::{lambda(int, bool)#1})",26,26,True,0.37%,113.095,4.350,4.119,148.663,148.622,copy_cast,kernel,hipGraphLaunch,33755
3.74%,16.65%,odd_long,29,44.139,45.880,_compress_c128_decode_old_kernel,26,26,True,3.74%,1152.714,44.335,43.279,153.014,152.942,compressor,kernel,hipGraphLaunch,33755
0.35%,17.01%,odd_long,30,4.159,4.399,"void at::native::vectorized_elementwise_kernel<4, at::native::CUDAFunctorOnSelf_add<int>, std::array<char*, 2ul> >(int, at::native::CUDAFunctorOnSelf_add<int>, std::array<char*, 2ul>)",26,26,True,0.35%,108.735,4.182,4.039,197.350,197.382,other,kernel,hipGraphLaunch,33755
0.34%,17.35%,odd_long,31,4.099,4.279,"void at::native::vectorized_elementwise_kernel<4, at::native::BUnaryFunctor<int, int, int, at::native::binary_internal::div_floor_kernel_cuda(at::TensorIteratorBase&)::{lambda()#1}::operator()() const::{lambda()#3}::operator()() const::{lambda(int, int)#1}>, std::array<char*, 2ul> >(int, at::native::BUnaryFunctor<int, int, int, at::native::binary_internal::div_floor_kernel_cuda(at::TensorIteratorBase&)::{lambda()#1}::operator()() const::{lambda()#3}::operator()() const::{lambda(int, int)#1}>, std::array<char*, 2ul>)",26,26,True,0.34%,106.094,4.081,3.959,201.534,201.562,other,kernel,hipGraphLaunch,33755
0.35%,17.7%,odd_long,32,4.119,4.399,"void at::native::vectorized_elementwise_kernel<4, at::native::AUnaryFunctor<int, int, int, at::native::binary_internal::MulFunctor<int> >, std::array<char*, 2ul> >(int, at::native::AUnaryFunctor<int, int, int, at::native::binary_internal::MulFunctor<int> >, std::array<char*, 2ul>)",26,26,True,0.35%,107.255,4.125,3.999,205.615,205.643,other,kernel,hipGraphLaunch,33755
0.35%,18.05%,odd_long,33,4.079,4.639,"void at::native::elementwise_kernel_manual_unroll<128, 4, at::native::gpu_kernel_impl<at::native::direct_copy_kernel_cuda(at::TensorIteratorBase&)::{lambda()#3}::operator()() const::{lambda()#4}::operator()() const::{lambda(long)#1}>(at::TensorIteratorBase&, at::native::direct_copy_kernel_cuda(at::TensorIteratorBase&)::{lambda()#3}::operator()() const::{lambda()#4}::operator()() const::{lambda(long)#1} const&)::{lambda(int, bool)#1}>(int, at::native::gpu_kernel_impl<at::native::direct_copy_kernel_cuda(at::TensorIteratorBase&)::{lambda()#3}::operator()() const::{lambda()#4}::operator()() const::{lambda(long)#1}>(at::TensorIteratorBase&, at::native::direct_copy_kernel_cuda(at::TensorIteratorBase&)::{lambda()#3}::operator()() const::{lambda()#4}::operator()() const::{lambda(long)#1} const&)::{lambda(int, bool)#1})",26,26,True,0.35%,106.814,4.108,3.959,209.741,209.723,copy_cast,kernel,hipGraphLaunch,33755
0.38%,18.42%,odd_long,34,4.479,4.639,"void at::native::vectorized_gather_kernel<16, long>(char*, char*, long*, int, long, long, long, long, bool)",26,26,True,0.38%,116.295,4.473,4.279,213.851,213.803,other,kernel,hipGraphLaunch,33755
0.36%,18.78%,odd_long,35,4.239,4.399,_fused_norm_rope_kernel,26,26,True,0.36%,110.055,4.233,4.079,218.324,218.443,rope,kernel,hipGraphLaunch,33755
0.38%,19.17%,odd_long,36,4.559,4.839,"void at::native::vectorized_elementwise_kernel<4, at::native::bfloat16_copy_kernel_cuda(at::TensorIteratorBase&)::{lambda(float)#1}, std::array<char*, 2ul> >(int, at::native::bfloat16_copy_kernel_cuda(at::TensorIteratorBase&)::{lambda(float)#1}, std::array<char*, 2ul>)",26,26,True,0.38%,118.575,4.561,4.439,222.558,222.643,copy_cast,kernel,hipGraphLaunch,33755
0.38%,19.54%,odd_long,37,4.439,4.599,_quant_k_cache_fused_kernel,26,26,True,0.38%,115.934,4.459,4.319,227.120,227.163,other,kernel,hipGraphLaunch,33755
0.34%,19.89%,odd_long,38,4.079,4.199,_set_k_and_s_triton_kernel,26,26,True,0.34%,105.975,4.076,3.959,231.580,231.623,other,kernel,hipGraphLaunch,33755
0.37%,20.25%,odd_long,39,4.319,4.759,"void at::native::elementwise_kernel_manual_unroll<128, 8, at::native::gpu_kernel_impl_nocast<at::native::direct_copy_kernel_cuda(at::TensorIteratorBase&)::{lambda()#3}::operator()() const::{lambda()#12}::operator()() const::{lambda(c10::BFloat16)#1}>(at::TensorIteratorBase&, at::native::direct_copy_kernel_cuda(at::TensorIteratorBase&)::{lambda()#3}::operator()() const::{lambda()#12}::operator()() const::{lambda(c10::BFloat16)#1} const&)::{lambda(int, bool)#1}>(int, at::native::gpu_kernel_impl_nocast<at::native::direct_copy_kernel_cuda(at::TensorIteratorBase&)::{lambda()#3}::operator()() const::{lambda()#12}::operator()() const::{lambda(c10::BFloat16)#1}>(at::TensorIteratorBase&, at::native::direct_copy_kernel_cuda(at::TensorIteratorBase&)::{lambda()#3}::operator()() const::{lambda()#12}::operator()() const::{lambda(c10::BFloat16)#1} const&)::{lambda(int, bool)#1})",26,26,True,0.37%,112.855,4.341,4.199,235.657,235.643,copy_cast,kernel,hipGraphLaunch,33755
0.39%,20.64%,odd_long,40,4.599,4.759,_quant_k_cache_fused_kernel,26,26,True,0.39%,119.457,4.595,4.439,239.998,240.003,other,kernel,hipGraphLaunch,33755
0.36%,21%,odd_long,41,4.279,4.479,_set_k_and_s_triton_kernel,26,26,True,0.36%,111.095,4.273,4.159,244.594,244.663,other,kernel,hipGraphLaunch,33755
38.86%,59.86%,odd_long,42,460.704,467.365,main_kernel corr=33755 runtime=hipGraphLaunch,26,26,True,38.86%,11970.644,460.409,455.525,248.868,248.843,attention_main,kernel,hipGraphLaunch,33755
11.8%,71.66%,odd_long,43,139.841,141.801,main_kernel corr=33755 runtime=hipGraphLaunch,26,26,True,11.8%,3633.663,139.756,137.481,709.278,709.329,attention_main,kernel,hipGraphLaunch,33755
0.39%,72.04%,odd_long,44,4.559,4.719,apply_rotary_emb_triton_kernel,26,26,True,0.39%,118.894,4.573,4.399,849.035,849.210,rope,kernel,hipGraphLaunch,33755
0.82%,72.86%,odd_long,45,9.599,11.519,Cijk_Alik_Bljk_BBS_BH_Bias_HA_S_SAV_UserArgs_MT16x16x1024_MI16x16x1_SN_LDSB1_AFC0_AFEM1_AFEM1_ASEM1_CLR1_CADS0_DTLA0_DTLB0_DTVA0_DTVB0_EPS0_FDSI0_GRPM1_GRVWA8_GRVWB8_GSU0_GSUAMB_GLS0_ISA950_IU1_K1_LDSTI0_LBSPPA2048_LBSPPB2048_LBSPPM0_LPA16_LPB16_LPM0_LRVW8_LWPMn1_MIAV0_MIWT1_1_MO40_NTn1_NTA0_NTB0_NTC0_NTD0_NTM0_NEPBS0_NLCA1_NLCB1_ONLL1_PGR2_PLR1_PKA1_SIA3_SS1_SPO0_SRVW0_SSO0_SVW1_SK3_SKFTR0_SKXCCM0_TLDS1_ULSGRO0_USL1_UIOFGRO0_USFGRO0_VSn1_VWA1_VWB1_WSGRA0_WSGRB0_WS64_WG16_4_4,26,26,True,0.82%,251.174,9.661,9.319,853.609,853.811,other,kernel,hipGraphLaunch,33755
0.43%,73.29%,odd_long,46,5.080,5.519,"void at::native::elementwise_kernel_manual_unroll<128, 8, at::native::gpu_kernel_impl_nocast<at::native::direct_copy_kernel_cuda(at::TensorIteratorBase&)::{lambda()#3}::operator()() const::{lambda()#12}::operator()() const::{lambda(c10::BFloat16)#1}>(at::TensorIteratorBase&, at::native::direct_copy_kernel_cuda(at::TensorIteratorBase&)::{lambda()#3}::operator()() const::{lambda()#12}::operator()() const::{lambda(c10::BFloat16)#1} const&)::{lambda(int, bool)#1}>(int, at::native::gpu_kernel_impl_nocast<at::native::direct_copy_kernel_cuda(at::TensorIteratorBase&)::{lambda()#3}::operator()() const::{lambda()#12}::operator()() const::{lambda(c10::BFloat16)#1}>(at::TensorIteratorBase&, at::native::direct_copy_kernel_cuda(at::TensorIteratorBase&)::{lambda()#3}::operator()() const::{lambda()#12}::operator()() const::{lambda(c10::BFloat16)#1} const&)::{lambda(int, bool)#1})",26,26,True,0.43%,132.457,5.095,4.799,863.271,863.151,copy_cast,kernel,hipGraphLaunch,33755
0.38%,73.67%,odd_long,47,4.439,5.199,_ZN5aiter37dynamic_per_group_scaled_quant_kernelIDF16bDB8_Li32EEEvPT0_PfPKT_PKfiliibPKii,26,26,True,0.38%,116.855,4.494,4.319,868.366,868.391,linear_quant_gemm,kernel,hipGraphLaunch,33755
0.49%,74.16%,odd_long,48,5.739,6.839,_gemm_a8w8_blockscale_kernel_GROUP_K_128_GROUP_N_128_BLOCK_SIZE_M_16_BLOCK_SIZE_N_32_BLOCK_SIZE_K_128_GROUP_SIZE_M_1_NUM_KSPLIT_4_SPLITK_BLOCK_SIZE_512_EVEN_K_1_GRID_MN_224_cache_modifier_CG,26,26,True,0.49%,152.335,5.859,5.599,872.862,872.871,linear_quant_gemm,kernel,hipGraphLaunch,33755
0.38%,74.54%,odd_long,49,4.479,4.679,_gemm_a8w8_blockscale_reduce_kernel_BLOCK_SIZE_M_32_BLOCK_SIZE_N_32_ACTUAL_KSPLIT_4_MAX_KSPLIT_4,26,26,True,0.38%,116.176,4.468,4.239,878.722,878.591,linear_quant_gemm,kernel,hipGraphLaunch,33755
2.39%,76.93%,odd_long,50,28.180,39.640,_ZN5aiter26cross_device_reduce_2stageIDF16bLi8ELb0EEEvPNS_8RankDataES2_NS_11RankSignalsEPNS_6SignalEPT_ii,26,26,True,2.39%,736.068,28.310,19.200,883.191,882.971,all_reduce,kernel,hipGraphLaunch,33755
1.79%,78.72%,odd_long,51,21.179,21.559,mhc_post_tilelang_kernel,26,26,True,1.79%,551.099,21.196,20.959,911.502,910.952,mhc_post_boundary,kernel,hipGraphLaunch,33755
0.42%,79.14%,odd_long,52,5.019,5.159,triton_red_fused__to_copy_mean_pow_view_0,26,26,True,0.42%,130.374,5.014,4.879,932.699,931.972,mhc_pre,kernel,hipGraphLaunch,33755
0.68%,79.82%,odd_long,53,8.040,8.479,Cijk_Alik_Bljk_S_B_Bias_HA_S_SAV_UserArgs_MT16x16x64_MI16x16x1_SN_LDSB0_AFC0_AFEM1_AFEM1_ASEM1_CLR1_CADS0_DTLA0_DTLB0_DTVA0_DTVB0_EPS0_FDSI0_GRPM1_GRVWA4_GRVWB4_GSU0_GSUAMB_GLS0_ISA950_IU1_K1_LDSTI0_LBSPPA256_LBSPPB256_LBSPPM0_LPA8_LPB8_LPM0_LRVW4_LWPMn1_MIAV0_MIWT1_1_MO40_NTn1_NTA0_NTB0_NTC0_NTD0_NTM0_NEPBS0_NLCA1_NLCB1_ONLL1_PGR2_PLR1_PKA1_SIA3_SS1_SPO0_SRVW0_SSO0_SVW1_SK3_SKFTR0_SKXCCM0_TLDS1_ULSGRO0_USL1_UIOFGRO0_USFGRO0_VSn1_VWA1_VWB1_WSGRA0_WSGRB0_WS64_WG16_4_4,26,26,True,0.68%,210.416,8.093,7.839,937.715,937.052,other,kernel,hipGraphLaunch,33755
0.61%,80.43%,odd_long,54,7.139,7.639,Cijk_SS_BiasS_HAS_ScaleAlphaVec_PostGSU16_VW1,26,26,True,0.61%,186.736,7.182,6.999,945.809,945.252,other,kernel,hipGraphLaunch,33755
0.36%,80.8%,odd_long,55,4.319,4.599,triton_per_fused_mean_pow_1,26,26,True,0.36%,112.175,4.314,4.159,952.992,952.432,mhc_pre,kernel,hipGraphLaunch,33755
0.36%,81.15%,odd_long,56,4.259,4.399,triton_poi_fused_add_mean_mul_pow_rsqrt_2,26,26,True,0.36%,110.536,4.251,4.159,957.307,956.732,mhc_pre,kernel,hipGraphLaunch,33755
0.53%,81.68%,odd_long,57,6.279,6.439,hc_split_sinkhorn_kernel__kernel,26,26,True,0.53%,162.698,6.258,6.080,961.560,960.952,mhc_pre,kernel,hipGraphLaunch,33755
0.4%,82.09%,odd_long,58,4.779,4.959,"void at::native::elementwise_kernel_manual_unroll<128, 4, at::native::gpu_kernel_impl_nocast<at::native::BinaryFunctor<float, float, float, at::native::binary_internal::MulFunctor<float> > >(at::TensorIteratorBase&, at::native::BinaryFunctor<float, float, float, at::native::binary_internal::MulFunctor<float> > const&)::{lambda(int, bool)#1}>(int, at::native::gpu_kernel_impl_nocast<at::native::BinaryFunctor<float, float, float, at::native::binary_internal::MulFunctor<float> > >(at::TensorIteratorBase&, at::native::BinaryFunctor<float, float, float, at::native::binary_internal::MulFunctor<float> > const&)::{lambda(int, bool)#1})",26,26,True,0.4%,124.215,4.777,4.519,967.818,967.232,other,kernel,hipGraphLaunch,33755
0.51%,82.59%,odd_long,59,5.959,6.439,"void at::native::reduce_kernel<128, 4, at::native::ReduceOp<float, at::native::func_wrapper_t<float, at::native::sum_functor<float, float, float>::operator()(at::TensorIterator&)::{lambda(float, float)#2}>, unsigned int, float, 4, 4> >(at::native::ReduceOp<float, at::native::func_wrapper_t<float, at::native::sum_functor<float, float, float>::operator()(at::TensorIterator&)::{lambda(float, float)#2}>, unsigned int, float, 4, 4>)",26,26,True,0.51%,156.017,6.001,5.639,972.597,972.032,other,kernel,hipGraphLaunch,33755
0.4%,82.99%,odd_long,60,4.679,4.959,"void at::native::vectorized_elementwise_kernel<4, at::native::bfloat16_copy_kernel_cuda(at::TensorIteratorBase&)::{lambda(float)#1}, std::array<char*, 2ul> >(int, at::native::bfloat16_copy_kernel_cuda(at::TensorIteratorBase&)::{lambda(float)#1}, std::array<char*, 2ul>)",26,26,True,0.4%,121.937,4.690,4.559,978.599,978.192,copy_cast,kernel,hipGraphLaunch,33755
0.38%,83.37%,odd_long,61,4.539,4.639,_ZN5aiter24add_rmsnorm_quant_kernelIDF16bDF16bLi256ELi32ELb0ELb0ELb1ELi1EEEvPT0_PT_PfS4_S4_S4_diiiiiiib,26,26,True,0.38%,117.855,4.533,4.399,983.289,982.933,norm,kernel,hipGraphLaunch,33755
0.36%,83.73%,odd_long,62,4.199,4.479,_ZN5aiter37dynamic_per_group_scaled_quant_kernelIDF16bDB8_Li32EEEvPT0_PfPKT_PKfiliibPKii,26,26,True,0.36%,109.496,4.211,4.119,987.823,987.533,linear_quant_gemm,kernel,hipGraphLaunch,33755
3.7%,87.43%,odd_long,63,43.799,46.240,"void ck::kernel_gemm_xdl_cshuffle_v3_multi_d_blockscale_b_preshuffle<ck::GridwiseGemmMultiD_blockscale_xdl_cshuffle_v3_b_preshuffle<ck::tensor_layout::gemm::RowMajor, ck::tensor_layout::gemm::ColumnMajor, ck::Tuple<>, ck::tensor_layout::gemm::RowMajor, ck::f8_fnuz_t, ck::f8_fnuz_t, float, float, ck::Tuple<>, unsigned short, ck::tensor_operation::element_wise::PassThrough, ck::tensor_operation::element_wise::PassThrough, ck::tensor_operation::element_wise::PassThrough, (ck::tensor_operation::device::GemmSpecialization)7, 256, 1, 128, 128, 64, 64, 128, 16, 16, 16, 16, 4, 1, ck::Sequence<8, 32, 1>, ck::Sequence<1, 0, 2>, ck::Sequence<1, 0, 2>, 2, 16, 16, false, 0, ck::Sequence<8, 32, 1>, ck::Sequence<1, 0, 2>, ck::Sequence<1, 0, 2>, 2, 16, 16, false, 0, 2, 1, ck::Sequence<1, 32, 1, 8>, ck::Sequence<8>, (ck::BlockGemmPipelineScheduler)0, (ck::BlockGemmPipelineVersion)0, ck::f8_fnuz_t, ck::f8_fnuz_t, ck::f8_fnuz_t, ck::f8_fnuz_t>, true, (ck::InMemoryDataOperationEnum)0, 2, (ck::TailNumber)1>(ck::GridwiseGemmMultiD_blockscale_xdl_cshuffle_v3_b_preshuffle<ck::tensor_layout::gemm::RowMajor, ck::tensor_layout::gemm::ColumnMajor, ck::Tuple<>, ck::tensor_layout::gemm::RowMajor, ck::f8_fnuz_t, ck::f8_fnuz_t, float, float, ck::Tuple<>, unsigned short, ck::tensor_operation::element_wise::PassThrough, ck::tensor_operation::element_wise::PassThrough, ck::tensor_operation::element_wise::PassThrough, (ck::tensor_operation::device::GemmSpecialization)7, 256, 1, 128, 128, 64, 64, 128, 16, 16, 16, 16, 4, 1, ck::Sequence<8, 32, 1>, ck::Sequence<1, 0, 2>, ck::Sequence<1, 0, 2>, 2, 16, 16, false, 0, ck::Sequence<8, 32, 1>, ck::Sequence<1, 0, 2>, ck::Sequence<1, 0, 2>, 2, 16, 16, false, 0, 2, 1, ck::Sequence<1, 32, 1, 8>, ck::Sequence<8>, (ck::BlockGemmPipelineScheduler)0, (ck::BlockGemmPipelineVersion)0, ck::f8_fnuz_t, ck::f8_fnuz_t, ck::f8_fnuz_t, ck::f8_fnuz_t>::Argument)",26,26,True,3.7%,1140.144,43.852,42.960,992.036,991.813,linear_quant_gemm,kernel,hipGraphLaunch,33755
0.38%,87.81%,odd_long,64,4.479,4.639,_ZN7sgl_hip10activation18act_and_mul_kernelI14__hip_bfloat16TnPFT_RKS3_EXadL_Z4siluIS2_ES3_S5_EEEEvPS3_PS4_i,26,26,True,0.38%,116.496,4.481,4.359,1035.888,1035.373,other,kernel,hipGraphLaunch,33755
0.36%,88.16%,odd_long,65,4.279,4.359,_ZN5aiter37dynamic_per_group_scaled_quant_kernelIDF16bDB8_Li32EEEvPT0_PfPKT_PKfiliibPKii,26,26,True,0.36%,110.496,4.250,4.119,1040.370,1039.853,linear_quant_gemm,kernel,hipGraphLaunch,33755
0.47%,88.63%,odd_long,66,5.420,7.479,"void ck::kernel_gemm_xdl_cshuffle_v3_multi_d_blockscale_b_preshuffle<ck::GridwiseGemmMultiD_blockscale_xdl_cshuffle_v3_b_preshuffle<ck::tensor_layout::gemm::RowMajor, ck::tensor_layout::gemm::ColumnMajor, ck::Tuple<>, ck::tensor_layout::gemm::RowMajor, ck::f8_fnuz_t, ck::f8_fnuz_t, float, float, ck::Tuple<>, unsigned short, ck::tensor_operation::element_wise::PassThrough, ck::tensor_operation::element_wise::PassThrough, ck::tensor_operation::element_wise::PassThrough, (ck::tensor_operation::device::GemmSpecialization)7, 256, 1, 128, 128, 64, 64, 128, 16, 16, 16, 16, 4, 1, ck::Sequence<8, 32, 1>, ck::Sequence<1, 0, 2>, ck::Sequence<1, 0, 2>, 2, 16, 16, false, 0, ck::Sequence<8, 32, 1>, ck::Sequence<1, 0, 2>, ck::Sequence<1, 0, 2>, 2, 16, 16, false, 0, 2, 1, ck::Sequence<1, 32, 1, 8>, ck::Sequence<8>, (ck::BlockGemmPipelineScheduler)0, (ck::BlockGemmPipelineVersion)0, ck::f8_fnuz_t, ck::f8_fnuz_t, ck::f8_fnuz_t, ck::f8_fnuz_t>, true, (ck::InMemoryDataOperationEnum)0, 2, (ck::TailNumber)0>(ck::GridwiseGemmMultiD_blockscale_xdl_cshuffle_v3_b_preshuffle<ck::tensor_layout::gemm::RowMajor, ck::tensor_layout::gemm::ColumnMajor, ck::Tuple<>, ck::tensor_layout::gemm::RowMajor, ck::f8_fnuz_t, ck::f8_fnuz_t, float, float, ck::Tuple<>, unsigned short, ck::tensor_operation::element_wise::PassThrough, ck::tensor_operation::element_wise::PassThrough, ck::tensor_operation::element_wise::PassThrough, (ck::tensor_operation::device::GemmSpecialization)7, 256, 1, 128, 128, 64, 64, 128, 16, 16, 16, 16, 4, 1, ck::Sequence<8, 32, 1>, ck::Sequence<1, 0, 2>, ck::Sequence<1, 0, 2>, 2, 16, 16, false, 0, ck::Sequence<8, 32, 1>, ck::Sequence<1, 0, 2>, ck::Sequence<1, 0, 2>, 2, 16, 16, false, 0, 2, 1, ck::Sequence<1, 32, 1, 8>, ck::Sequence<8>, (ck::BlockGemmPipelineScheduler)0, (ck::BlockGemmPipelineVersion)0, ck::f8_fnuz_t, ck::f8_fnuz_t, ck::f8_fnuz_t, ck::f8_fnuz_t>::Argument)",26,26,True,0.47%,143.336,5.513,5.279,1044.621,1044.093,linear_quant_gemm,kernel,hipGraphLaunch,33755
0.77%,89.4%,odd_long,67,9.079,9.519,hgemm_bf16_32x64x64_S2TN_AS_SPK16_BS_0,26,26,True,0.77%,236.699,9.104,8.799,1050.135,1049.613,other,kernel,hipGraphLaunch,33755
0.7%,90.1%,odd_long,68,8.279,8.759,"void aiter::grouped_topk_kernel<c10::BFloat16, float __vector(4), 8, true, true, false>(c10::BFloat16*, c10::BFloat16 const*, float*, int*, unsigned long, int, int, int, int, float)",26,26,True,0.7%,215.657,8.294,7.999,1059.240,1058.613,moe,kernel,hipGraphLaunch,33755
1.27%,91.37%,odd_long,69,14.999,15.680,"void ck_tile::kentry<2, ck_tile::MoeSortingKernel<ck_tile::MoeSortingProblemEx<int, float, 2, true, false, false, true, 0> >, ck_tile::MoeSortingKernel<ck_tile::MoeSortingProblemEx<int, float, 2, true, false, false, true, 0> >::Kargs>(ck_tile::MoeSortingKernel<ck_tile::MoeSortingProblemEx<int, float, 2, true, false, false, true, 0> >::Kargs)",26,26,True,1.27%,391.419,15.055,14.359,1067.535,1067.193,moe,kernel,hipGraphLaunch,33755
0.48%,91.85%,odd_long,70,5.599,6.599,_ZN5aiter27mxfp4_quant_moe_sort_kernelIDF16bN4opus5fp4_tELi256ELi32EEEvPT0_PhPKT_PKiSA_iiiiiiiii,26,26,True,0.48%,147.856,5.687,5.320,1082.591,1082.233,moe,kernel,hipGraphLaunch,33755
2.96%,94.81%,odd_long,71,34.279,47.840,"void ck::kernel_moe_mxgemm_2lds<ck::GridwiseMoeGemmMX_BPreshuffle<ck::tensor_layout::gemm::RowMajor, ck::tensor_layout::gemm::ColumnMajor, ck::Tuple<ck::tensor_layout::gemm::RowMajor, ck::tensor_layout::gemm::ColumnMajor, ck::tensor_layout::gemm::RowMajor>, ck::tensor_layout::gemm::RowMajor, ck::f4x2_pk_t, ck::e8m0_bexp_t, ck::f4x2_pk_t, ck::e8m0_bexp_t, float, float, ck::Tuple<float, float, float>, unsigned short, ck::tensor_operation::element_wise::PassThrough, ck::tensor_operation::element_wise::PassThrough, MulABScaleShuffled, (ck::tensor_operation::device::GemmSpecialization)0, 32, 64, 32, 32, 128, 16, 16, 16, 16, 2, 2, ck::Sequence<8, 8, 1>, ck::Sequence<1, 0, 2>, ck::Sequence<1, 0, 2>, 2, 16, 16, false, 1, ck::Sequence<8, 8, 1>, ck::Sequence<1, 0, 2>, ck::Sequence<1, 0, 2>, 2, 16, 16, false, 1, 2, 2, ck::Sequence<1, 16, 1, 4>, ck::Sequence<8, 1, 8>, (ck::BlockGemmPipelineScheduler)0, (ck::BlockGemmPipelineVersion)2, 1, false, true, false, int, ck::f4x2_pk_t, ck::f4x2_pk_t>, true, (ck::InMemoryDataOperationEnum)0, 2, (ck::TailNumber)1>(ck::GridwiseMoeGemmMX_BPreshuffle<ck::tensor_layout::gemm::RowMajor, ck::tensor_layout::gemm::ColumnMajor, ck::Tuple<ck::tensor_layout::gemm::RowMajor, ck::tensor_layout::gemm::ColumnMajor, ck::tensor_layout::gemm::RowMajor>, ck::tensor_layout::gemm::RowMajor, ck::f4x2_pk_t, ck::e8m0_bexp_t, ck::f4x2_pk_t, ck::e8m0_bexp_t, float, float, ck::Tuple<float, float, float>, unsigned short, ck::tensor_operation::element_wise::PassThrough, ck::tensor_operation::element_wise::PassThrough, MulABScaleShuffled, (ck::tensor_operation::device::GemmSpecialization)0, 32, 64, 32, 32, 128, 16, 16, 16, 16, 2, 2, ck::Sequence<8, 8, 1>, ck::Sequence<1, 0, 2>, ck::Sequence<1, 0, 2>, 2, 16, 16, false, 1, ck::Sequence<8, 8, 1>, ck::Sequence<1, 0, 2>, ck::Sequence<1, 0, 2>, 2, 16, 16, false, 1, 2, 2, ck::Sequence<1, 16, 1, 4>, ck::Sequence<8, 1, 8>, (ck::BlockGemmPipelineScheduler)0, (ck::BlockGemmPipelineVersion)2, 1, false, true, false, int, ck::f4x2_pk_t, ck::f4x2_pk_t>::Argument)",26,26,True,2.96%,910.942,35.036,27.919,1088.278,1087.914,moe,kernel,hipGraphLaunch,33755
0.44%,95.25%,odd_long,72,5.199,5.559,_ZN5aiter27mxfp4_quant_moe_sort_kernelIDF16bN4opus5fp4_tELi64ELi8EEEvPT0_PhPKT_PKiSA_iiiiiiiii,26,26,True,0.44%,135.777,5.222,4.919,1123.316,1122.694,moe,kernel,hipGraphLaunch,33755
1.64%,96.89%,odd_long,73,19.459,23.519,"void ck::kernel_moe_mxgemm_2lds<ck::GridwiseMoeGemmMX_BPreshuffle<ck::tensor_layout::gemm::RowMajor, ck::tensor_layout::gemm::ColumnMajor, ck::Tuple<ck::tensor_layout::gemm::RowMajor, ck::tensor_layout::gemm::ColumnMajor, ck::tensor_layout::gemm::RowMajor>, ck::tensor_layout::gemm::RowMajor, ck::f4x2_pk_t, ck::e8m0_bexp_t, ck::f4x2_pk_t, ck::e8m0_bexp_t, float, float, ck::Tuple<float, float, float>, unsigned short, ck::tensor_operation::element_wise::PassThrough, ck::tensor_operation::element_wise::PassThrough, MulABScaleExpertWeightShuffled, (ck::tensor_operation::device::GemmSpecialization)0, 32, 256, 32, 128, 128, 16, 16, 16, 16, 2, 2, ck::Sequence<8, 32, 1>, ck::Sequence<1, 0, 2>, ck::Sequence<1, 0, 2>, 2, 16, 16, false, 1, ck::Sequence<8, 32, 1>, ck::Sequence<1, 0, 2>, ck::Sequence<1, 0, 2>, 2, 16, 16, false, 1, 2, 2, ck::Sequence<1, 8, 1, 32>, ck::Sequence<2, 1, 2>, (ck::BlockGemmPipelineScheduler)0, (ck::BlockGemmPipelineVersion)2, 0, false, false, true, int, ck::f4x2_pk_t, ck::f4x2_pk_t>, false, (ck::InMemoryDataOperationEnum)1, 2, (ck::TailNumber)1>(ck::GridwiseMoeGemmMX_BPreshuffle<ck::tensor_layout::gemm::RowMajor, ck::tensor_layout::gemm::ColumnMajor, ck::Tuple<ck::tensor_layout::gemm::RowMajor, ck::tensor_layout::gemm::ColumnMajor, ck::tensor_layout::gemm::RowMajor>, ck::tensor_layout::gemm::RowMajor, ck::f4x2_pk_t, ck::e8m0_bexp_t, ck::f4x2_pk_t, ck::e8m0_bexp_t, float, float, ck::Tuple<float, float, float>, unsigned short, ck::tensor_operation::element_wise::PassThrough, ck::tensor_operation::element_wise::PassThrough, MulABScaleExpertWeightShuffled, (ck::tensor_operation::device::GemmSpecialization)0, 32, 256, 32, 128, 128, 16, 16, 16, 16, 2, 2, ck::Sequence<8, 32, 1>, ck::Sequence<1, 0, 2>, ck::Sequence<1, 0, 2>, 2, 16, 16, false, 1, ck::Sequence<8, 32, 1>, ck::Sequence<1, 0, 2>, ck::Sequence<1, 0, 2>, 2, 16, 16, false, 1, 2, 2, ck::Sequence<1, 8, 1, 32>, ck::Sequence<2, 1, 2>, (ck::BlockGemmPipelineScheduler)0, (ck::BlockGemmPipelineVersion)2, 0, false, false, true, int, ck::f4x2_pk_t, ck::f4x2_pk_t>::Argument)",26,26,True,1.64%,506.502,19.481,16.080,1128.539,1128.074,moe,kernel,hipGraphLaunch,33755
0.37%,97.26%,odd_long,74,4.399,4.599,"void at::native::vectorized_elementwise_kernel<8, at::native::CUDAFunctor_add<c10::BFloat16>, std::array<char*, 3ul> >(int, at::native::CUDAFunctor_add<c10::BFloat16>, std::array<char*, 3ul>)",26,26,True,0.37%,114.535,4.405,4.239,1148.021,1147.195,other,kernel,hipGraphLaunch,33755
1.06%,98.32%,odd_long,75,12.739,17.559,_ZN5aiter26cross_device_reduce_2stageIDF16bLi8ELb0EEEvPNS_8RankDataES2_NS_11RankSignalsEPNS_6SignalEPT_ii,26,26,True,1.06%,326.698,12.565,8.039,1152.427,1151.575,all_reduce,kernel,hipGraphLaunch,33755
1.68%,100%,odd_long,76,19.799,20.599,mhc_post_tilelang_kernel,26,26,True,1.68%,516.618,19.870,19.479,1164.993,1165.595,mhc_post_boundary,kernel,hipGraphLaunch,33755
0.65%,0.65%,even_short,0,4.759,5.239,triton_red_fused__to_copy_mean_pow_view_0,26,26,True,0.65%,124.935,4.805,4.639,0.000,0.000,mhc_pre,kernel,hipGraphLaunch,33755
1.02%,1.67%,even_short,1,7.579,7.919,Cijk_Alik_Bljk_S_B_Bias_HA_S_SAV_UserArgs_MT16x16x64_MI16x16x1_SN_LDSB0_AFC0_AFEM1_AFEM1_ASEM1_CLR1_CADS0_DTLA0_DTLB0_DTVA0_DTVB0_EPS0_FDSI0_GRPM1_GRVWA4_GRVWB4_GSU0_GSUAMB_GLS0_ISA950_IU1_K1_LDSTI0_LBSPPA256_LBSPPB256_LBSPPM0_LPA8_LPB8_LPM0_LRVW4_LWPMn1_MIAV0_MIWT1_1_MO40_NTn1_NTA0_NTB0_NTC0_NTD0_NTM0_NEPBS0_NLCA1_NLCB1_ONLL1_PGR2_PLR1_PKA1_SIA3_SS1_SPO0_SRVW0_SSO0_SVW1_SK3_SKFTR0_SKXCCM0_TLDS1_ULSGRO0_USL1_UIOFGRO0_USFGRO0_VSn1_VWA1_VWB1_WSGRA0_WSGRB0_WS64_WG16_4_4,26,26,True,1.02%,197.657,7.602,7.359,4.806,4.760,other,kernel,hipGraphLaunch,33755
0.82%,2.49%,even_short,2,6.120,6.399,Cijk_SS_BiasS_HAS_ScaleAlphaVec_PostGSU16_VW1,26,26,True,0.82%,157.617,6.062,5.639,12.409,12.361,other,kernel,hipGraphLaunch,33755
0.58%,3.07%,even_short,3,4.299,4.679,triton_per_fused_mean_pow_1,26,26,True,0.58%,112.096,4.311,4.119,18.473,18.480,mhc_pre,kernel,hipGraphLaunch,33755
0.57%,3.64%,even_short,4,4.199,4.399,triton_poi_fused_add_mean_mul_pow_rsqrt_2,26,26,True,0.57%,109.336,4.205,4.119,22.785,22.861,mhc_pre,kernel,hipGraphLaunch,33755
0.83%,4.47%,even_short,5,6.099,6.479,hc_split_sinkhorn_kernel__kernel,26,26,True,0.83%,159.696,6.142,5.959,26.991,27.080,mhc_pre,kernel,hipGraphLaunch,33755
0.58%,5.05%,even_short,6,4.319,4.519,"void at::native::elementwise_kernel_manual_unroll<128, 4, at::native::gpu_kernel_impl_nocast<at::native::BinaryFunctor<float, float, float, at::native::binary_internal::MulFunctor<float> > >(at::TensorIteratorBase&, at::native::BinaryFunctor<float, float, float, at::native::binary_internal::MulFunctor<float> > const&)::{lambda(int, bool)#1}>(int, at::native::gpu_kernel_impl_nocast<at::native::BinaryFunctor<float, float, float, at::native::binary_internal::MulFunctor<float> > >(at::TensorIteratorBase&, at::native::BinaryFunctor<float, float, float, at::native::binary_internal::MulFunctor<float> > const&)::{lambda(int, bool)#1})",26,26,True,0.58%,112.295,4.319,4.199,33.134,33.160,other,kernel,hipGraphLaunch,33755
0.59%,5.63%,even_short,7,4.339,4.559,"void at::native::reduce_kernel<128, 4, at::native::ReduceOp<float, at::native::func_wrapper_t<float, at::native::sum_functor<float, float, float>::operator()(at::TensorIterator&)::{lambda(float, float)#2}>, unsigned int, float, 4, 4> >(at::native::ReduceOp<float, at::native::func_wrapper_t<float, at::native::sum_functor<float, float, float>::operator()(at::TensorIterator&)::{lambda(float, float)#2}>, unsigned int, float, 4, 4>)",26,26,True,0.59%,112.895,4.342,4.159,37.454,37.480,other,kernel,hipGraphLaunch,33755
0.6%,6.23%,even_short,8,4.439,4.559,"void at::native::vectorized_elementwise_kernel<4, at::native::bfloat16_copy_kernel_cuda(at::TensorIteratorBase&)::{lambda(float)#1}, std::array<char*, 2ul> >(int, at::native::bfloat16_copy_kernel_cuda(at::TensorIteratorBase&)::{lambda(float)#1}, std::array<char*, 2ul>)",26,26,True,0.6%,115.257,4.433,4.239,41.797,41.840,copy_cast,kernel,hipGraphLaunch,33755
0.62%,6.85%,even_short,9,4.559,4.799,_ZN5aiter24add_rmsnorm_quant_kernelIDF16bDF16bLi256ELi32ELb0ELb0ELb1ELi1EEEvPT0_PT_PfS4_S4_S4_diiiiiiib,26,26,True,0.62%,118.696,4.565,4.439,46.231,46.281,norm,kernel,hipGraphLaunch,33755
0.57%,7.42%,even_short,10,4.239,4.519,_ZN5aiter37dynamic_per_group_scaled_quant_kernelIDF16bDB8_Li32EEEvPT0_PfPKT_PKfiliibPKii,26,26,True,0.57%,110.134,4.236,4.119,50.798,50.861,linear_quant_gemm,kernel,hipGraphLaunch,33755
0.58%,7.99%,even_short,11,4.299,4.479,"void at::native::vectorized_elementwise_kernel<4, at::native::FillFunctor<float>, std::array<char*, 1ul> >(int, at::native::FillFunctor<float>, std::array<char*, 1ul>)",26,26,True,0.58%,111.536,4.290,4.119,55.035,55.061,other,kernel,hipGraphLaunch,33755
0.6%,8.6%,even_short,12,4.479,4.639,__amd_rocclr_fillBufferAligned,26,26,True,0.6%,116.216,4.470,4.359,59.325,59.361,other,kernel,hipGraphLaunch,33755
0.95%,9.55%,even_short,13,6.939,8.759,aiter::fp8gemm_bf16_blockscale_BpreShuffle_48x128,26,26,True,0.95%,183.295,7.050,6.719,63.796,63.840,linear_quant_gemm,kernel,hipGraphLaunch,33755
0.59%,10.13%,even_short,14,4.339,4.679,_ZN5aiter24add_rmsnorm_quant_kernelIDF16bDF16bLi256ELi8ELb0ELb0ELb1ELi1EEEvPT0_PT_PfS4_S4_S4_diiiiiiib,26,26,True,0.59%,113.294,4.357,4.199,70.847,70.841,norm,kernel,hipGraphLaunch,33755
0.56%,10.7%,even_short,15,4.199,4.359,_ZN5aiter37dynamic_per_group_scaled_quant_kernelIDF16bDB8_Li32EEEvPT0_PfPKT_PKfiliibPKii,26,26,True,0.56%,108.895,4.188,4.119,75.206,75.221,linear_quant_gemm,kernel,hipGraphLaunch,33755
0.91%,11.61%,even_short,16,6.699,7.039,"void ck::kernel_gemm_xdl_cshuffle_v3_multi_d_blockscale_b_preshuffle<ck::GridwiseGemmMultiD_blockscale_xdl_cshuffle_v3_b_preshuffle<ck::tensor_layout::gemm::RowMajor, ck::tensor_layout::gemm::ColumnMajor, ck::Tuple<>, ck::tensor_layout::gemm::RowMajor, ck::f8_fnuz_t, ck::f8_fnuz_t, float, float, ck::Tuple<>, unsigned short, ck::tensor_operation::element_wise::PassThrough, ck::tensor_operation::element_wise::PassThrough, ck::tensor_operation::element_wise::PassThrough, (ck::tensor_operation::device::GemmSpecialization)0, 256, 1, 128, 128, 16, 64, 256, 16, 16, 16, 16, 1, 1, ck::Sequence<16, 16, 1>, ck::Sequence<1, 0, 2>, ck::Sequence<1, 0, 2>, 2, 16, 16, false, 0, ck::Sequence<16, 16, 1>, ck::Sequence<1, 0, 2>, ck::Sequence<1, 0, 2>, 2, 16, 16, false, 0, 1, 1, ck::Sequence<1, 16, 1, 16>, ck::Sequence<4>, (ck::BlockGemmPipelineScheduler)0, (ck::BlockGemmPipelineVersion)0, ck::f8_fnuz_t, ck::f8_fnuz_t, ck::f8_fnuz_t, ck::f8_fnuz_t>, true, (ck::InMemoryDataOperationEnum)0, 2, (ck::TailNumber)1>(ck::GridwiseGemmMultiD_blockscale_xdl_cshuffle_v3_b_preshuffle<ck::tensor_layout::gemm::RowMajor, ck::tensor_layout::gemm::ColumnMajor, ck::Tuple<>, ck::tensor_layout::gemm::RowMajor, ck::f8_fnuz_t, ck::f8_fnuz_t, float, float, ck::Tuple<>, unsigned short, ck::tensor_operation::element_wise::PassThrough, ck::tensor_operation::element_wise::PassThrough, ck::tensor_operation::element_wise::PassThrough, (ck::tensor_operation::device::GemmSpecialization)0, 256, 1, 128, 128, 16, 64, 256, 16, 16, 16, 16, 1, 1, ck::Sequence<16, 16, 1>, ck::Sequence<1, 0, 2>, ck::Sequence<1, 0, 2>, 2, 16, 16, false, 0, ck::Sequence<16, 16, 1>, ck::Sequence<1, 0, 2>, ck::Sequence<1, 0, 2>, 2, 16, 16, false, 0, 1, 1, ck::Sequence<1, 16, 1, 16>, ck::Sequence<4>, (ck::BlockGemmPipelineScheduler)0, (ck::BlockGemmPipelineVersion)0, ck::f8_fnuz_t, ck::f8_fnuz_t, ck::f8_fnuz_t, ck::f8_fnuz_t>::Argument)",26,26,True,0.91%,175.336,6.744,6.559,79.395,79.381,linear_quant_gemm,kernel,hipGraphLaunch,33755
0.61%,12.22%,even_short,17,4.500,4.719,_rms_normalize_kernel,26,26,True,0.61%,117.536,4.521,4.319,86.140,86.061,norm,kernel,hipGraphLaunch,33755
0.63%,12.84%,even_short,18,4.599,4.959,_ZN5aiter37dynamic_per_group_scaled_quant_kernelIDF16bDB8_Li32EEEvPT0_PfPKT_PKfiliibPKii,26,26,True,0.63%,120.694,4.642,4.479,90.661,90.681,linear_quant_gemm,kernel,hipGraphLaunch,33755
0.64%,13.48%,even_short,19,4.739,4.959,_gemm_a8w8_blockscale_kernel_GROUP_K_128_GROUP_N_128_BLOCK_SIZE_M_16_BLOCK_SIZE_N_16_BLOCK_SIZE_K_128_GROUP_SIZE_M_4_NUM_KSPLIT_14_SPLITK_BLOCK_SIZE_512_EVEN_K_1_GRID_MN_32_cache_modifier_CG,26,26,True,0.64%,123.378,4.745,4.559,95.304,95.261,linear_quant_gemm,kernel,hipGraphLaunch,33755
0.63%,14.11%,even_short,20,4.639,4.879,_gemm_a8w8_blockscale_reduce_kernel_BLOCK_SIZE_M_32_BLOCK_SIZE_N_32_ACTUAL_KSPLIT_14_MAX_KSPLIT_16,26,26,True,0.63%,121.175,4.661,4.479,100.051,100.022,linear_quant_gemm,kernel,hipGraphLaunch,33755
0.63%,14.74%,even_short,21,4.639,4.879,_ZN5aiter24add_rmsnorm_quant_kernelIDF16bDF16bLi64ELi8ELb0ELb0ELb1ELi1EEEvPT0_PT_PfS4_S4_S4_diiiiiiib,26,26,True,0.63%,120.856,4.648,4.519,104.712,104.642,norm,kernel,hipGraphLaunch,33755
0.59%,15.33%,even_short,22,4.399,4.599,apply_rotary_emb_triton_kernel,26,26,True,0.59%,114.736,4.413,4.279,109.361,109.262,rope,kernel,hipGraphLaunch,33755
0.57%,15.91%,even_short,23,4.239,4.519,apply_rotary_emb_triton_kernel,26,26,True,0.57%,110.896,4.265,4.119,113.775,113.722,rope,kernel,hipGraphLaunch,33755
0.55%,16.46%,even_short,24,4.079,4.319,_ZN5aiter37dynamic_per_group_scaled_quant_kernelIDF16bDB8_Li32EEEvPT0_PfPKT_PKfiliibPKii,26,26,True,0.55%,106.694,4.104,3.999,118.042,118.082,linear_quant_gemm,kernel,hipGraphLaunch,33755
0.83%,17.29%,even_short,25,6.159,6.479,"void ck::kernel_gemm_xdl_cshuffle_v3_multi_d_blockscale_b_preshuffle<ck::GridwiseGemmMultiD_blockscale_xdl_cshuffle_v3_b_preshuffle<ck::tensor_layout::gemm::RowMajor, ck::tensor_layout::gemm::ColumnMajor, ck::Tuple<>, ck::tensor_layout::gemm::RowMajor, ck::f8_fnuz_t, ck::f8_fnuz_t, float, float, ck::Tuple<>, unsigned short, ck::tensor_operation::element_wise::PassThrough, ck::tensor_operation::element_wise::PassThrough, ck::tensor_operation::element_wise::PassThrough, (ck::tensor_operation::device::GemmSpecialization)0, 256, 1, 128, 128, 16, 64, 256, 16, 16, 16, 16, 1, 1, ck::Sequence<16, 16, 1>, ck::Sequence<1, 0, 2>, ck::Sequence<1, 0, 2>, 2, 16, 16, false, 0, ck::Sequence<16, 16, 1>, ck::Sequence<1, 0, 2>, ck::Sequence<1, 0, 2>, 2, 16, 16, false, 0, 1, 1, ck::Sequence<1, 16, 1, 16>, ck::Sequence<4>, (ck::BlockGemmPipelineScheduler)0, (ck::BlockGemmPipelineVersion)0, ck::f8_fnuz_t, ck::f8_fnuz_t, ck::f8_fnuz_t, ck::f8_fnuz_t>, true, (ck::InMemoryDataOperationEnum)0, 2, (ck::TailNumber)1>(ck::GridwiseGemmMultiD_blockscale_xdl_cshuffle_v3_b_preshuffle<ck::tensor_layout::gemm::RowMajor, ck::tensor_layout::gemm::ColumnMajor, ck::Tuple<>, ck::tensor_layout::gemm::RowMajor, ck::f8_fnuz_t, ck::f8_fnuz_t, float, float, ck::Tuple<>, unsigned short, ck::tensor_operation::element_wise::PassThrough, ck::tensor_operation::element_wise::PassThrough, ck::tensor_operation::element_wise::PassThrough, (ck::tensor_operation::device::GemmSpecialization)0, 256, 1, 128, 128, 16, 64, 256, 16, 16, 16, 16, 1, 1, ck::Sequence<16, 16, 1>, ck::Sequence<1, 0, 2>, ck::Sequence<1, 0, 2>, 2, 16, 16, false, 0, ck::Sequence<16, 16, 1>, ck::Sequence<1, 0, 2>, ck::Sequence<1, 0, 2>, 2, 16, 16, false, 0, 1, 1, ck::Sequence<1, 16, 1, 16>, ck::Sequence<4>, (ck::BlockGemmPipelineScheduler)0, (ck::BlockGemmPipelineVersion)0, ck::f8_fnuz_t, ck::f8_fnuz_t, ck::f8_fnuz_t, ck::f8_fnuz_t>::Argument)",26,26,True,0.83%,160.857,6.187,5.999,122.146,122.162,linear_quant_gemm,kernel,hipGraphLaunch,33755
0.6%,17.89%,even_short,26,4.420,4.519,apply_rotary_emb_triton_kernel,26,26,True,0.6%,114.936,4.421,4.319,128.334,128.341,rope,kernel,hipGraphLaunch,33755
0.62%,18.51%,even_short,27,4.579,4.759,"void fast_hadamard_transform_kernel<fast_hadamard_transform_kernel_traits<16, 7, c10::BFloat16> >(HadamardParamsBase)",26,26,True,0.62%,119.175,4.584,4.439,132.756,132.702,other,kernel,hipGraphLaunch,33755
0.64%,19.15%,even_short,28,4.759,5.039,_act_quant_kernel,26,26,True,0.64%,123.336,4.744,4.599,137.340,137.222,other,kernel,hipGraphLaunch,33755
1.61%,20.76%,even_short,29,11.999,12.359,Cijk_Alik_Bljk_BBS_BH_Bias_HA_S_SAV_UserArgs_MT16x16x1024_MI16x16x1_SN_LDSB1_AFC0_AFEM1_AFEM1_ASEM1_CLR1_CADS0_DTLA0_DTLB0_DTVA0_DTVB0_EPS0_FDSI0_GRPM1_GRVWA8_GRVWB8_GSU0_GSUAMB_GLS0_ISA950_IU1_K1_LDSTI0_LBSPPA2048_LBSPPB2048_LBSPPM0_LPA16_LPB16_LPM0_LRVW8_LWPMn1_MIAV0_MIWT1_1_MO40_NTn1_NTA0_NTB0_NTC0_NTD0_NTM0_NEPBS0_NLCA1_NLCB1_ONLL1_PGR2_PLR1_PKA1_SIA3_SS1_SPO0_SRVW0_SSO0_SVW1_SK3_SKFTR0_SKXCCM0_TLDS1_ULSGRO0_USL1_UIOFGRO0_USFGRO0_VSn1_VWA1_VWB1_WSGRA0_WSGRB0_WS64_WG16_4_4,26,26,True,1.61%,311.176,11.968,11.480,142.085,142.042,other,kernel,hipGraphLaunch,33755
0.55%,21.32%,even_short,30,4.099,4.239,_fused_scale_kernel,26,26,True,0.55%,107.015,4.116,3.999,154.054,154.182,other,kernel,hipGraphLaunch,33755
0.55%,21.87%,even_short,31,4.099,4.439,"void at::native::vectorized_elementwise_kernel<4, at::native::bfloat16tofloat32_copy_kernel_cuda(at::TensorIteratorBase&)::{lambda(c10::BFloat16)#1}, std::array<char*, 2ul> >(int, at::native::bfloat16tofloat32_copy_kernel_cuda(at::TensorIteratorBase&)::{lambda(c10::BFloat16)#1}, std::array<char*, 2ul>)",26,26,True,0.55%,107.055,4.117,4.039,158.171,158.222,copy_cast,kernel,hipGraphLaunch,33755
0.82%,22.69%,even_short,32,6.099,6.279,"void at::native::vectorized_elementwise_kernel<4, at::native::bfloat16tofloat32_copy_kernel_cuda(at::TensorIteratorBase&)::{lambda(c10::BFloat16)#1}, std::array<char*, 2ul> >(int, at::native::bfloat16tofloat32_copy_kernel_cuda(at::TensorIteratorBase&)::{lambda(c10::BFloat16)#1}, std::array<char*, 2ul>)",26,26,True,0.82%,158.735,6.105,5.959,162.290,162.282,copy_cast,kernel,hipGraphLaunch,33755
0.88%,23.58%,even_short,33,6.500,7.439,Cijk_Alik_Bljk_S_B_Bias_HA_S_SAV_UserArgs_MT32x16x64_MI16x16x1_SN_LDSB0_AFC0_AFEM1_AFEM1_ASEM1_CLR1_CADS0_DTLA0_DTLB0_DTVA0_DTVB0_EPS0_FDSI0_GRPM1_GRVWA4_GRVWB4_GSU0_GSUAMB_GLS0_ISA950_IU1_K1_LDSTI0_LBSPPA256_LBSPPB256_LBSPPM0_LPA8_LPB8_LPM0_LRVW4_LWPMn1_MIAV0_MIWT2_1_MO40_NTn1_NTA4_NTB0_NTC0_NTD0_NTM0_NEPBS0_NLCA1_NLCB1_ONLL1_PGR2_PLR1_PKA1_SIA3_SS1_SPO0_SRVW0_SSO0_SVW1_SK3_SKFTR0_SKXCCM8_TLDS1_ULSGRO0_USL1_UIOFGRO0_USFGRO0_VSn1_VWA1_VWB1_WSGRA0_WSGRB0_WS64_WG16_4_4,26,26,True,0.88%,170.617,6.562,6.279,168.396,168.482,other,kernel,hipGraphLaunch,33755
1.01%,24.59%,even_short,34,7.439,8.079,Cijk_SS_BiasS_HAS_ScaleAlphaVec_PostGSU16_VW4,26,26,True,1.01%,194.738,7.490,7.159,174.959,175.002,other,kernel,hipGraphLaunch,33755
0.61%,25.19%,even_short,35,4.439,5.479,"void at::native::elementwise_kernel_manual_unroll<128, 4, at::native::gpu_kernel_impl<at::native::direct_copy_kernel_cuda(at::TensorIteratorBase&)::{lambda()#3}::operator()() const::{lambda()#3}::operator()() const::{lambda(int)#1}>(at::TensorIteratorBase&, at::native::direct_copy_kernel_cuda(at::TensorIteratorBase&)::{lambda()#3}::operator()() const::{lambda()#3}::operator()() const::{lambda(int)#1} const&)::{lambda(int, bool)#1}>(int, at::native::gpu_kernel_impl<at::native::direct_copy_kernel_cuda(at::TensorIteratorBase&)::{lambda()#3}::operator()() const::{lambda()#3}::operator()() const::{lambda(int)#1}>(at::TensorIteratorBase&, at::native::direct_copy_kernel_cuda(at::TensorIteratorBase&)::{lambda()#3}::operator()() const::{lambda()#3}::operator()() const::{lambda(int)#1} const&)::{lambda(int, bool)#1})",26,26,True,0.61%,117.015,4.501,4.239,182.450,182.442,copy_cast,kernel,hipGraphLaunch,33755
0.72%,25.92%,even_short,36,5.339,5.959,_compress_c4_decode_old_kernel,26,26,True,0.72%,139.216,5.354,5.039,186.952,186.882,compressor,kernel,hipGraphLaunch,33755
0.56%,26.48%,even_short,37,4.199,4.399,"void at::native::vectorized_elementwise_kernel<4, at::native::CUDAFunctorOnSelf_add<int>, std::array<char*, 2ul> >(int, at::native::CUDAFunctorOnSelf_add<int>, std::array<char*, 2ul>)",26,26,True,0.56%,108.936,4.190,4.079,192.307,192.063,other,kernel,hipGraphLaunch,33755
0.55%,27.03%,even_short,38,4.079,4.159,"void at::native::vectorized_elementwise_kernel<4, at::native::BUnaryFunctor<int, int, int, at::native::binary_internal::div_floor_kernel_cuda(at::TensorIteratorBase&)::{lambda()#1}::operator()() const::{lambda()#3}::operator()() const::{lambda(int, int)#1}>, std::array<char*, 2ul> >(int, at::native::BUnaryFunctor<int, int, int, at::native::binary_internal::div_floor_kernel_cuda(at::TensorIteratorBase&)::{lambda()#1}::operator()() const::{lambda()#3}::operator()() const::{lambda(int, int)#1}>, std::array<char*, 2ul>)",26,26,True,0.55%,105.695,4.065,3.959,196.498,196.163,other,kernel,hipGraphLaunch,33755
0.56%,27.59%,even_short,39,4.139,4.279,"void at::native::vectorized_elementwise_kernel<4, at::native::AUnaryFunctor<int, int, int, at::native::binary_internal::MulFunctor<int> >, std::array<char*, 2ul> >(int, at::native::AUnaryFunctor<int, int, int, at::native::binary_internal::MulFunctor<int> >, std::array<char*, 2ul>)",26,26,True,0.56%,107.417,4.131,3.999,200.564,200.183,other,kernel,hipGraphLaunch,33755
0.57%,28.15%,even_short,40,4.199,4.439,"void at::native::elementwise_kernel_manual_unroll<128, 4, at::native::gpu_kernel_impl<at::native::direct_copy_kernel_cuda(at::TensorIteratorBase&)::{lambda()#3}::operator()() const::{lambda()#4}::operator()() const::{lambda(long)#1}>(at::TensorIteratorBase&, at::native::direct_copy_kernel_cuda(at::TensorIteratorBase&)::{lambda()#3}::operator()() const::{lambda()#4}::operator()() const::{lambda(long)#1} const&)::{lambda(int, bool)#1}>(int, at::native::gpu_kernel_impl<at::native::direct_copy_kernel_cuda(at::TensorIteratorBase&)::{lambda()#3}::operator()() const::{lambda()#4}::operator()() const::{lambda(long)#1}>(at::TensorIteratorBase&, at::native::direct_copy_kernel_cuda(at::TensorIteratorBase&)::{lambda()#3}::operator()() const::{lambda()#4}::operator()() const::{lambda(long)#1} const&)::{lambda(int, bool)#1})",26,26,True,0.57%,109.294,4.204,4.039,204.697,204.403,copy_cast,kernel,hipGraphLaunch,33755
0.61%,28.76%,even_short,41,4.519,4.760,"void at::native::vectorized_gather_kernel<16, long>(char*, char*, long*, int, long, long, long, long, bool)",26,26,True,0.61%,117.736,4.528,4.319,208.901,208.583,other,kernel,hipGraphLaunch,33755
0.58%,29.34%,even_short,42,4.299,4.479,_fused_norm_rope_kernel,26,26,True,0.58%,111.735,4.298,4.199,213.430,213.203,rope,kernel,hipGraphLaunch,33755
0.6%,29.94%,even_short,43,4.460,4.639,"void fast_hadamard_transform_kernel<fast_hadamard_transform_kernel_traits<16, 7, float> >(HadamardParamsBase)",26,26,True,0.6%,115.976,4.461,4.319,217.729,217.523,other,kernel,hipGraphLaunch,33755
0.58%,30.52%,even_short,44,4.319,4.439,_act_quant_kernel,26,26,True,0.58%,112.175,4.314,4.199,222.191,222.063,other,kernel,hipGraphLaunch,33755
0.57%,31.09%,even_short,45,4.239,4.479,_set_k_and_s_triton_kernel,26,26,True,0.57%,110.095,4.234,4.119,226.506,226.503,other,kernel,hipGraphLaunch,33755
0.88%,31.98%,even_short,46,6.519,6.799,fp8_paged_mqa_logits_kernel,26,26,True,0.88%,170.054,6.541,6.359,230.741,230.823,other,kernel,hipGraphLaunch,33755
1.43%,33.4%,even_short,47,10.479,12.519,(anonymous namespace)::deepseek_v4_topk_transform_512_kernel((anonymous namespace)::TopK512Params),26,26,True,1.43%,275.497,10.596,10.119,237.283,237.243,other,kernel,hipGraphLaunch,33755
0.57%,33.98%,even_short,48,4.239,4.439,"void at::native::vectorized_elementwise_kernel<4, at::native::bfloat16tofloat32_copy_kernel_cuda(at::TensorIteratorBase&)::{lambda(c10::BFloat16)#1}, std::array<char*, 2ul> >(int, at::native::bfloat16tofloat32_copy_kernel_cuda(at::TensorIteratorBase&)::{lambda(c10::BFloat16)#1}, std::array<char*, 2ul>)",26,26,True,0.57%,110.216,4.239,4.119,247.880,247.663,copy_cast,kernel,hipGraphLaunch,33755
2.17%,36.15%,even_short,49,16.040,17.039,"void at::native::vectorized_elementwise_kernel<4, at::native::bfloat16tofloat32_copy_kernel_cuda(at::TensorIteratorBase&)::{lambda(c10::BFloat16)#1}, std::array<char*, 2ul> >(int, at::native::bfloat16tofloat32_copy_kernel_cuda(at::TensorIteratorBase&)::{lambda(c10::BFloat16)#1}, std::array<char*, 2ul>)",26,26,True,2.17%,419.180,16.122,14.959,252.120,251.963,copy_cast,kernel,hipGraphLaunch,33755
2.44%,38.59%,even_short,50,18.140,18.479,Cijk_Alik_Bljk_S_B_Bias_HA_S_SAV_UserArgs_MT16x16x512_MI16x16x1_SN_LDSB1_AFC0_AFEM1_AFEM1_ASEM1_CLR1_CADS0_DTLA0_DTLB0_DTVA0_DTVB0_EPS0_FDSI0_GRPM1_GRVWA4_GRVWB4_GSU0_GSUAMB_GLS0_ISA950_IU1_K1_LDSTI0_LBSPPA2048_LBSPPB2048_LBSPPM0_LPA8_LPB8_LPM0_LRVW4_LWPMn1_MIAV0_MIWT1_1_MO40_NTn1_NTA4_NTB0_NTC0_NTD0_NTM0_NEPBS0_NLCA1_NLCB1_ONLL1_PGR2_PLR1_PKA1_SIA3_SS1_SPO0_SRVW0_SSO0_SVW1_SK3_SKFTR0_SKXCCM8_TLDS1_ULSGRO0_USL1_UIOFGRO0_USFGRO0_VSn1_VWA1_VWB1_WSGRA0_WSGRB0_WS64_WG16_4_4,26,26,True,2.44%,471.382,18.130,17.919,268.243,268.084,other,kernel,hipGraphLaunch,33755
0.58%,39.18%,even_short,51,4.319,4.479,"void at::native::elementwise_kernel_manual_unroll<128, 4, at::native::gpu_kernel_impl<at::native::direct_copy_kernel_cuda(at::TensorIteratorBase&)::{lambda()#3}::operator()() const::{lambda()#3}::operator()() const::{lambda(int)#1}>(at::TensorIteratorBase&, at::native::direct_copy_kernel_cuda(at::TensorIteratorBase&)::{lambda()#3}::operator()() const::{lambda()#3}::operator()() const::{lambda(int)#1} const&)::{lambda(int, bool)#1}>(int, at::native::gpu_kernel_impl<at::native::direct_copy_kernel_cuda(at::TensorIteratorBase&)::{lambda()#3}::operator()() const::{lambda()#3}::operator()() const::{lambda(int)#1}>(at::TensorIteratorBase&, at::native::direct_copy_kernel_cuda(at::TensorIteratorBase&)::{lambda()#3}::operator()() const::{lambda()#3}::operator()() const::{lambda(int)#1} const&)::{lambda(int, bool)#1})",26,26,True,0.58%,112.496,4.327,4.199,286.374,286.304,copy_cast,kernel,hipGraphLaunch,33755
0.86%,40.04%,even_short,52,6.359,6.599,_compress_c4_decode_old_kernel,26,26,True,0.86%,166.455,6.402,6.199,290.702,290.604,compressor,kernel,hipGraphLaunch,33755
0.56%,40.6%,even_short,53,4.159,4.359,"void at::native::vectorized_elementwise_kernel<4, at::native::CUDAFunctorOnSelf_add<int>, std::array<char*, 2ul> >(int, at::native::CUDAFunctorOnSelf_add<int>, std::array<char*, 2ul>)",26,26,True,0.56%,108.256,4.164,4.039,297.105,297.044,other,kernel,hipGraphLaunch,33755
0.55%,41.15%,even_short,54,4.039,4.239,"void at::native::vectorized_elementwise_kernel<4, at::native::BUnaryFunctor<int, int, int, at::native::binary_internal::div_floor_kernel_cuda(at::TensorIteratorBase&)::{lambda()#1}::operator()() const::{lambda()#3}::operator()() const::{lambda(int, int)#1}>, std::array<char*, 2ul> >(int, at::native::BUnaryFunctor<int, int, int, at::native::binary_internal::div_floor_kernel_cuda(at::TensorIteratorBase&)::{lambda()#1}::operator()() const::{lambda()#3}::operator()() const::{lambda(int, int)#1}>, std::array<char*, 2ul>)",26,26,True,0.55%,105.415,4.054,3.959,301.270,301.184,other,kernel,hipGraphLaunch,33755
0.55%,41.7%,even_short,55,4.119,4.239,"void at::native::vectorized_elementwise_kernel<4, at::native::AUnaryFunctor<int, int, int, at::native::binary_internal::MulFunctor<int> >, std::array<char*, 2ul> >(int, at::native::AUnaryFunctor<int, int, int, at::native::binary_internal::MulFunctor<int> >, std::array<char*, 2ul>)",26,26,True,0.55%,106.975,4.114,3.999,305.325,305.244,other,kernel,hipGraphLaunch,33755
0.55%,42.25%,even_short,56,4.079,4.239,"void at::native::elementwise_kernel_manual_unroll<128, 4, at::native::gpu_kernel_impl<at::native::direct_copy_kernel_cuda(at::TensorIteratorBase&)::{lambda()#3}::operator()() const::{lambda()#4}::operator()() const::{lambda(long)#1}>(at::TensorIteratorBase&, at::native::direct_copy_kernel_cuda(at::TensorIteratorBase&)::{lambda()#3}::operator()() const::{lambda()#4}::operator()() const::{lambda(long)#1} const&)::{lambda(int, bool)#1}>(int, at::native::gpu_kernel_impl<at::native::direct_copy_kernel_cuda(at::TensorIteratorBase&)::{lambda()#3}::operator()() const::{lambda()#4}::operator()() const::{lambda(long)#1}>(at::TensorIteratorBase&, at::native::direct_copy_kernel_cuda(at::TensorIteratorBase&)::{lambda()#3}::operator()() const::{lambda()#4}::operator()() const::{lambda(long)#1} const&)::{lambda(int, bool)#1})",26,26,True,0.55%,106.174,4.084,3.959,309.441,309.344,copy_cast,kernel,hipGraphLaunch,33755
0.6%,42.86%,even_short,57,4.479,4.799,"void at::native::vectorized_gather_kernel<16, long>(char*, char*, long*, int, long, long, long, long, bool)",26,26,True,0.6%,116.615,4.485,4.279,313.526,313.444,other,kernel,hipGraphLaunch,33755
0.58%,43.43%,even_short,58,4.260,4.479,_fused_norm_rope_kernel,26,26,True,0.58%,111.135,4.274,4.159,318.012,317.924,rope,kernel,hipGraphLaunch,33755
0.6%,44.03%,even_short,59,4.479,4.640,"void at::native::vectorized_elementwise_kernel<4, at::native::bfloat16_copy_kernel_cuda(at::TensorIteratorBase&)::{lambda(float)#1}, std::array<char*, 2ul> >(int, at::native::bfloat16_copy_kernel_cuda(at::TensorIteratorBase&)::{lambda(float)#1}, std::array<char*, 2ul>)",26,26,True,0.6%,116.095,4.465,4.319,322.287,322.144,copy_cast,kernel,hipGraphLaunch,33755
0.59%,44.63%,even_short,60,4.399,4.599,_quant_k_cache_fused_kernel,26,26,True,0.59%,114.616,4.408,4.279,326.753,326.584,other,kernel,hipGraphLaunch,33755
0.55%,45.18%,even_short,61,4.119,4.399,_set_k_and_s_triton_kernel,26,26,True,0.55%,106.815,4.108,3.999,331.163,330.964,other,kernel,hipGraphLaunch,33755
0.61%,45.79%,even_short,62,4.459,4.999,"void at::native::elementwise_kernel_manual_unroll<128, 8, at::native::gpu_kernel_impl_nocast<at::native::direct_copy_kernel_cuda(at::TensorIteratorBase&)::{lambda()#3}::operator()() const::{lambda()#12}::operator()() const::{lambda(c10::BFloat16)#1}>(at::TensorIteratorBase&, at::native::direct_copy_kernel_cuda(at::TensorIteratorBase&)::{lambda()#3}::operator()() const::{lambda()#12}::operator()() const::{lambda(c10::BFloat16)#1} const&)::{lambda(int, bool)#1}>(int, at::native::gpu_kernel_impl_nocast<at::native::direct_copy_kernel_cuda(at::TensorIteratorBase&)::{lambda()#3}::operator()() const::{lambda()#12}::operator()() const::{lambda(c10::BFloat16)#1}>(at::TensorIteratorBase&, at::native::direct_copy_kernel_cuda(at::TensorIteratorBase&)::{lambda()#3}::operator()() const::{lambda()#12}::operator()() const::{lambda(c10::BFloat16)#1} const&)::{lambda(int, bool)#1})",26,26,True,0.61%,117.898,4.535,4.119,335.272,335.064,copy_cast,kernel,hipGraphLaunch,33755
0.6%,46.39%,even_short,63,4.419,4.679,_quant_k_cache_fused_kernel,26,26,True,0.6%,114.854,4.417,4.199,339.807,339.584,other,kernel,hipGraphLaunch,33755
0.57%,46.96%,even_short,64,4.239,4.439,_set_k_and_s_triton_kernel,26,26,True,0.57%,110.496,4.250,4.159,344.226,344.125,other,kernel,hipGraphLaunch,33755
9.25%,56.21%,even_short,65,68.420,70.480,main_kernel corr=33755 runtime=hipGraphLaunch,26,26,True,9.25%,1783.515,68.597,68.000,348.477,348.425,attention_main,kernel,hipGraphLaunch,33755
1.1%,57.31%,even_short,66,8.159,8.519,main_kernel corr=33755 runtime=hipGraphLaunch,26,26,True,1.1%,212.337,8.167,7.919,417.074,417.265,attention_main,kernel,hipGraphLaunch,33755
0.61%,57.92%,even_short,67,4.559,4.679,apply_rotary_emb_triton_kernel,26,26,True,0.61%,118.136,4.544,4.399,425.242,425.505,rope,kernel,hipGraphLaunch,33755
1.23%,59.15%,even_short,68,9.099,10.079,Cijk_Alik_Bljk_BBS_BH_Bias_HA_S_SAV_UserArgs_MT16x16x1024_MI16x16x1_SN_LDSB1_AFC0_AFEM1_AFEM1_ASEM1_CLR1_CADS0_DTLA0_DTLB0_DTVA0_DTVB0_EPS0_FDSI0_GRPM1_GRVWA8_GRVWB8_GSU0_GSUAMB_GLS0_ISA950_IU1_K1_LDSTI0_LBSPPA2048_LBSPPB2048_LBSPPM0_LPA16_LPB16_LPM0_LRVW8_LWPMn1_MIAV0_MIWT1_1_MO40_NTn1_NTA0_NTB0_NTC0_NTD0_NTM0_NEPBS0_NLCA1_NLCB1_ONLL1_PGR2_PLR1_PKA1_SIA3_SS1_SPO0_SRVW0_SSO0_SVW1_SK3_SKFTR0_SKXCCM0_TLDS1_ULSGRO0_USL1_UIOFGRO0_USFGRO0_VSn1_VWA1_VWB1_WSGRA0_WSGRB0_WS64_WG16_4_4,26,26,True,1.23%,237.498,9.135,8.839,429.787,430.025,other,kernel,hipGraphLaunch,33755
0.64%,59.79%,even_short,69,4.719,4.959,"void at::native::elementwise_kernel_manual_unroll<128, 8, at::native::gpu_kernel_impl_nocast<at::native::direct_copy_kernel_cuda(at::TensorIteratorBase&)::{lambda()#3}::operator()() const::{lambda()#12}::operator()() const::{lambda(c10::BFloat16)#1}>(at::TensorIteratorBase&, at::native::direct_copy_kernel_cuda(at::TensorIteratorBase&)::{lambda()#3}::operator()() const::{lambda()#12}::operator()() const::{lambda(c10::BFloat16)#1} const&)::{lambda(int, bool)#1}>(int, at::native::gpu_kernel_impl_nocast<at::native::direct_copy_kernel_cuda(at::TensorIteratorBase&)::{lambda()#3}::operator()() const::{lambda()#12}::operator()() const::{lambda(c10::BFloat16)#1}>(at::TensorIteratorBase&, at::native::direct_copy_kernel_cuda(at::TensorIteratorBase&)::{lambda()#3}::operator()() const::{lambda()#12}::operator()() const::{lambda(c10::BFloat16)#1} const&)::{lambda(int, bool)#1})",26,26,True,0.64%,123.256,4.741,4.639,438.923,439.186,copy_cast,kernel,hipGraphLaunch,33755
0.6%,60.39%,even_short,70,4.399,4.560,_ZN5aiter37dynamic_per_group_scaled_quant_kernelIDF16bDB8_Li32EEEvPT0_PfPKT_PKfiliibPKii,26,26,True,0.6%,114.935,4.421,4.239,443.664,443.945,linear_quant_gemm,kernel,hipGraphLaunch,33755
0.77%,61.16%,even_short,71,5.599,6.279,_gemm_a8w8_blockscale_kernel_GROUP_K_128_GROUP_N_128_BLOCK_SIZE_M_16_BLOCK_SIZE_N_32_BLOCK_SIZE_K_128_GROUP_SIZE_M_1_NUM_KSPLIT_4_SPLITK_BLOCK_SIZE_512_EVEN_K_1_GRID_MN_224_cache_modifier_CG,26,26,True,0.77%,148.656,5.718,5.479,448.086,448.466,linear_quant_gemm,kernel,hipGraphLaunch,33755
0.6%,61.76%,even_short,72,4.439,4.639,_gemm_a8w8_blockscale_reduce_kernel_BLOCK_SIZE_M_32_BLOCK_SIZE_N_32_ACTUAL_KSPLIT_4_MAX_KSPLIT_4,26,26,True,0.6%,115.696,4.450,4.279,453.804,454.106,linear_quant_gemm,kernel,hipGraphLaunch,33755
3.5%,65.26%,even_short,73,25.619,30.920,_ZN5aiter26cross_device_reduce_2stageIDF16bLi8ELb0EEEvPNS_8RankDataES2_NS_11RankSignalsEPNS_6SignalEPT_ii,26,26,True,3.5%,676.099,26.004,22.119,458.255,458.586,all_reduce,kernel,hipGraphLaunch,33755
2.64%,67.9%,even_short,74,19.599,19.799,mhc_post_tilelang_kernel,26,26,True,2.64%,509.342,19.590,19.400,484.260,484.266,mhc_post_boundary,kernel,hipGraphLaunch,33755
0.64%,68.54%,even_short,75,4.719,4.999,triton_red_fused__to_copy_mean_pow_view_0,26,26,True,0.64%,123.294,4.742,4.599,503.851,503.746,mhc_pre,kernel,hipGraphLaunch,33755
1.06%,69.6%,even_short,76,7.839,8.199,Cijk_Alik_Bljk_S_B_Bias_HA_S_SAV_UserArgs_MT16x16x64_MI16x16x1_SN_LDSB0_AFC0_AFEM1_AFEM1_ASEM1_CLR1_CADS0_DTLA0_DTLB0_DTVA0_DTVB0_EPS0_FDSI0_GRPM1_GRVWA4_GRVWB4_GSU0_GSUAMB_GLS0_ISA950_IU1_K1_LDSTI0_LBSPPA256_LBSPPB256_LBSPPM0_LPA8_LPB8_LPM0_LRVW4_LWPMn1_MIAV0_MIWT1_1_MO40_NTn1_NTA0_NTB0_NTC0_NTD0_NTM0_NEPBS0_NLCA1_NLCB1_ONLL1_PGR2_PLR1_PKA1_SIA3_SS1_SPO0_SRVW0_SSO0_SVW1_SK3_SKFTR0_SKXCCM0_TLDS1_ULSGRO0_USL1_UIOFGRO0_USFGRO0_VSn1_VWA1_VWB1_WSGRA0_WSGRB0_WS64_WG16_4_4,26,26,True,1.06%,204.659,7.872,7.559,508.594,508.466,other,kernel,hipGraphLaunch,33755
0.86%,70.46%,even_short,77,6.339,6.719,Cijk_SS_BiasS_HAS_ScaleAlphaVec_PostGSU16_VW1,26,26,True,0.86%,165.336,6.359,6.159,516.467,516.346,other,kernel,hipGraphLaunch,33755
0.58%,71.04%,even_short,78,4.319,4.639,triton_per_fused_mean_pow_1,26,26,True,0.58%,112.776,4.338,4.119,522.827,522.667,mhc_pre,kernel,hipGraphLaunch,33755
0.57%,71.61%,even_short,79,4.199,4.279,triton_poi_fused_add_mean_mul_pow_rsqrt_2,26,26,True,0.57%,109.416,4.208,4.119,527.165,527.026,mhc_pre,kernel,hipGraphLaunch,33755
0.84%,72.45%,even_short,80,6.219,6.479,hc_split_sinkhorn_kernel__kernel,26,26,True,0.84%,162.215,6.239,6.079,531.374,531.207,mhc_pre,kernel,hipGraphLaunch,33755
0.63%,73.08%,even_short,81,4.639,4.839,"void at::native::elementwise_kernel_manual_unroll<128, 4, at::native::gpu_kernel_impl_nocast<at::native::BinaryFunctor<float, float, float, at::native::binary_internal::MulFunctor<float> > >(at::TensorIteratorBase&, at::native::BinaryFunctor<float, float, float, at::native::binary_internal::MulFunctor<float> > const&)::{lambda(int, bool)#1}>(int, at::native::gpu_kernel_impl_nocast<at::native::BinaryFunctor<float, float, float, at::native::binary_internal::MulFunctor<float> > >(at::TensorIteratorBase&, at::native::BinaryFunctor<float, float, float, at::native::binary_internal::MulFunctor<float> > const&)::{lambda(int, bool)#1})",26,26,True,0.63%,120.857,4.648,4.479,537.615,537.427,other,kernel,hipGraphLaunch,33755
0.66%,73.74%,even_short,82,4.879,5.159,"void at::native::reduce_kernel<128, 4, at::native::ReduceOp<float, at::native::func_wrapper_t<float, at::native::sum_functor<float, float, float>::operator()(at::TensorIterator&)::{lambda(float, float)#2}>, unsigned int, float, 4, 4> >(at::native::ReduceOp<float, at::native::func_wrapper_t<float, at::native::sum_functor<float, float, float>::operator()(at::TensorIterator&)::{lambda(float, float)#2}>, unsigned int, float, 4, 4>)",26,26,True,0.66%,127.015,4.885,4.679,542.264,542.107,other,kernel,hipGraphLaunch,33755
0.63%,74.37%,even_short,83,4.639,4.959,"void at::native::vectorized_elementwise_kernel<4, at::native::bfloat16_copy_kernel_cuda(at::TensorIteratorBase&)::{lambda(float)#1}, std::array<char*, 2ul> >(int, at::native::bfloat16_copy_kernel_cuda(at::TensorIteratorBase&)::{lambda(float)#1}, std::array<char*, 2ul>)",26,26,True,0.63%,121.294,4.665,4.519,547.150,547.107,copy_cast,kernel,hipGraphLaunch,33755
0.61%,74.97%,even_short,84,4.499,4.719,_ZN5aiter24add_rmsnorm_quant_kernelIDF16bDF16bLi256ELi32ELb0ELb0ELb1ELi1EEEvPT0_PT_PfS4_S4_S4_diiiiiiib,26,26,True,0.61%,116.814,4.493,4.319,551.816,551.727,norm,kernel,hipGraphLaunch,33755
0.57%,75.54%,even_short,85,4.199,4.279,_ZN5aiter37dynamic_per_group_scaled_quant_kernelIDF16bDB8_Li32EEEvPT0_PfPKT_PKfiliibPKii,26,26,True,0.57%,109.176,4.199,4.119,556.310,556.227,linear_quant_gemm,kernel,hipGraphLaunch,33755
5.82%,81.35%,even_short,86,43.119,44.519,"void ck::kernel_gemm_xdl_cshuffle_v3_multi_d_blockscale_b_preshuffle<ck::GridwiseGemmMultiD_blockscale_xdl_cshuffle_v3_b_preshuffle<ck::tensor_layout::gemm::RowMajor, ck::tensor_layout::gemm::ColumnMajor, ck::Tuple<>, ck::tensor_layout::gemm::RowMajor, ck::f8_fnuz_t, ck::f8_fnuz_t, float, float, ck::Tuple<>, unsigned short, ck::tensor_operation::element_wise::PassThrough, ck::tensor_operation::element_wise::PassThrough, ck::tensor_operation::element_wise::PassThrough, (ck::tensor_operation::device::GemmSpecialization)7, 256, 1, 128, 128, 64, 64, 128, 16, 16, 16, 16, 4, 1, ck::Sequence<8, 32, 1>, ck::Sequence<1, 0, 2>, ck::Sequence<1, 0, 2>, 2, 16, 16, false, 0, ck::Sequence<8, 32, 1>, ck::Sequence<1, 0, 2>, ck::Sequence<1, 0, 2>, 2, 16, 16, false, 0, 2, 1, ck::Sequence<1, 32, 1, 8>, ck::Sequence<8>, (ck::BlockGemmPipelineScheduler)0, (ck::BlockGemmPipelineVersion)0, ck::f8_fnuz_t, ck::f8_fnuz_t, ck::f8_fnuz_t, ck::f8_fnuz_t>, true, (ck::InMemoryDataOperationEnum)0, 2, (ck::TailNumber)1>(ck::GridwiseGemmMultiD_blockscale_xdl_cshuffle_v3_b_preshuffle<ck::tensor_layout::gemm::RowMajor, ck::tensor_layout::gemm::ColumnMajor, ck::Tuple<>, ck::tensor_layout::gemm::RowMajor, ck::f8_fnuz_t, ck::f8_fnuz_t, float, float, ck::Tuple<>, unsigned short, ck::tensor_operation::element_wise::PassThrough, ck::tensor_operation::element_wise::PassThrough, ck::tensor_operation::element_wise::PassThrough, (ck::tensor_operation::device::GemmSpecialization)7, 256, 1, 128, 128, 64, 64, 128, 16, 16, 16, 16, 4, 1, ck::Sequence<8, 32, 1>, ck::Sequence<1, 0, 2>, ck::Sequence<1, 0, 2>, 2, 16, 16, false, 0, ck::Sequence<8, 32, 1>, ck::Sequence<1, 0, 2>, ck::Sequence<1, 0, 2>, 2, 16, 16, false, 0, 2, 1, ck::Sequence<1, 32, 1, 8>, ck::Sequence<8>, (ck::BlockGemmPipelineScheduler)0, (ck::BlockGemmPipelineVersion)0, ck::f8_fnuz_t, ck::f8_fnuz_t, ck::f8_fnuz_t, ck::f8_fnuz_t>::Argument)",26,26,True,5.82%,1121.910,43.150,42.120,560.510,560.427,linear_quant_gemm,kernel,hipGraphLaunch,33755
0.61%,81.96%,even_short,87,4.519,4.639,_ZN7sgl_hip10activation18act_and_mul_kernelI14__hip_bfloat16TnPFT_RKS3_EXadL_Z4siluIS2_ES3_S5_EEEEvPS3_PS4_i,26,26,True,0.61%,117.255,4.510,4.359,603.661,603.527,other,kernel,hipGraphLaunch,33755
0.57%,82.54%,even_short,88,4.239,4.399,_ZN5aiter37dynamic_per_group_scaled_quant_kernelIDF16bDB8_Li32EEEvPT0_PfPKT_PKfiliibPKii,26,26,True,0.57%,110.456,4.248,4.159,608.172,607.967,linear_quant_gemm,kernel,hipGraphLaunch,33755
0.72%,83.25%,even_short,89,5.279,5.519,"void ck::kernel_gemm_xdl_cshuffle_v3_multi_d_blockscale_b_preshuffle<ck::GridwiseGemmMultiD_blockscale_xdl_cshuffle_v3_b_preshuffle<ck::tensor_layout::gemm::RowMajor, ck::tensor_layout::gemm::ColumnMajor, ck::Tuple<>, ck::tensor_layout::gemm::RowMajor, ck::f8_fnuz_t, ck::f8_fnuz_t, float, float, ck::Tuple<>, unsigned short, ck::tensor_operation::element_wise::PassThrough, ck::tensor_operation::element_wise::PassThrough, ck::tensor_operation::element_wise::PassThrough, (ck::tensor_operation::device::GemmSpecialization)7, 256, 1, 128, 128, 64, 64, 128, 16, 16, 16, 16, 4, 1, ck::Sequence<8, 32, 1>, ck::Sequence<1, 0, 2>, ck::Sequence<1, 0, 2>, 2, 16, 16, false, 0, ck::Sequence<8, 32, 1>, ck::Sequence<1, 0, 2>, ck::Sequence<1, 0, 2>, 2, 16, 16, false, 0, 2, 1, ck::Sequence<1, 32, 1, 8>, ck::Sequence<8>, (ck::BlockGemmPipelineScheduler)0, (ck::BlockGemmPipelineVersion)0, ck::f8_fnuz_t, ck::f8_fnuz_t, ck::f8_fnuz_t, ck::f8_fnuz_t>, true, (ck::InMemoryDataOperationEnum)0, 2, (ck::TailNumber)0>(ck::GridwiseGemmMultiD_blockscale_xdl_cshuffle_v3_b_preshuffle<ck::tensor_layout::gemm::RowMajor, ck::tensor_layout::gemm::ColumnMajor, ck::Tuple<>, ck::tensor_layout::gemm::RowMajor, ck::f8_fnuz_t, ck::f8_fnuz_t, float, float, ck::Tuple<>, unsigned short, ck::tensor_operation::element_wise::PassThrough, ck::tensor_operation::element_wise::PassThrough, ck::tensor_operation::element_wise::PassThrough, (ck::tensor_operation::device::GemmSpecialization)7, 256, 1, 128, 128, 64, 64, 128, 16, 16, 16, 16, 4, 1, ck::Sequence<8, 32, 1>, ck::Sequence<1, 0, 2>, ck::Sequence<1, 0, 2>, 2, 16, 16, false, 0, ck::Sequence<8, 32, 1>, ck::Sequence<1, 0, 2>, ck::Sequence<1, 0, 2>, 2, 16, 16, false, 0, 2, 1, ck::Sequence<1, 32, 1, 8>, ck::Sequence<8>, (ck::BlockGemmPipelineScheduler)0, (ck::BlockGemmPipelineVersion)0, ck::f8_fnuz_t, ck::f8_fnuz_t, ck::f8_fnuz_t, ck::f8_fnuz_t>::Argument)",26,26,True,0.72%,138.015,5.308,5.159,612.422,612.188,linear_quant_gemm,kernel,hipGraphLaunch,33755
1.21%,84.46%,even_short,90,8.999,9.239,hgemm_bf16_32x64x64_S2TN_AS_SPK16_BS_0,26,26,True,1.21%,233.618,8.985,8.719,617.731,617.408,other,kernel,hipGraphLaunch,33755
1.1%,85.56%,even_short,91,8.059,8.959,"void aiter::grouped_topk_kernel<c10::BFloat16, float __vector(4), 8, true, true, false>(c10::BFloat16*, c10::BFloat16 const*, float*, int*, unsigned long, int, int, int, int, float)",26,26,True,1.1%,211.414,8.131,7.679,626.717,626.448,moe,kernel,hipGraphLaunch,33755
2.03%,87.59%,even_short,92,14.980,15.599,"void ck_tile::kentry<2, ck_tile::MoeSortingKernel<ck_tile::MoeSortingProblemEx<int, float, 2, true, false, false, true, 0> >, ck_tile::MoeSortingKernel<ck_tile::MoeSortingProblemEx<int, float, 2, true, false, false, true, 0> >::Kargs>(ck_tile::MoeSortingKernel<ck_tile::MoeSortingProblemEx<int, float, 2, true, false, false, true, 0> >::Kargs)",26,26,True,2.03%,391.778,15.068,14.600,634.850,634.608,moe,kernel,hipGraphLaunch,33755
0.75%,88.34%,even_short,93,5.579,6.039,_ZN5aiter27mxfp4_quant_moe_sort_kernelIDF16bN4opus5fp4_tELi256ELi32EEEvPT0_PhPKT_PKiSA_iiiiiiiii,26,26,True,0.75%,145.135,5.582,5.239,649.919,649.688,moe,kernel,hipGraphLaunch,33755
3.83%,92.17%,even_short,94,28.359,30.679,"void ck::kernel_moe_mxgemm_2lds<ck::GridwiseMoeGemmMX_BPreshuffle<ck::tensor_layout::gemm::RowMajor, ck::tensor_layout::gemm::ColumnMajor, ck::Tuple<ck::tensor_layout::gemm::RowMajor, ck::tensor_layout::gemm::ColumnMajor, ck::tensor_layout::gemm::RowMajor>, ck::tensor_layout::gemm::RowMajor, ck::f4x2_pk_t, ck::e8m0_bexp_t, ck::f4x2_pk_t, ck::e8m0_bexp_t, float, float, ck::Tuple<float, float, float>, unsigned short, ck::tensor_operation::element_wise::PassThrough, ck::tensor_operation::element_wise::PassThrough, MulABScaleShuffled, (ck::tensor_operation::device::GemmSpecialization)0, 32, 64, 32, 32, 128, 16, 16, 16, 16, 2, 2, ck::Sequence<8, 8, 1>, ck::Sequence<1, 0, 2>, ck::Sequence<1, 0, 2>, 2, 16, 16, false, 1, ck::Sequence<8, 8, 1>, ck::Sequence<1, 0, 2>, ck::Sequence<1, 0, 2>, 2, 16, 16, false, 1, 2, 2, ck::Sequence<1, 16, 1, 4>, ck::Sequence<8, 1, 8>, (ck::BlockGemmPipelineScheduler)0, (ck::BlockGemmPipelineVersion)2, 1, false, true, false, int, ck::f4x2_pk_t, ck::f4x2_pk_t>, true, (ck::InMemoryDataOperationEnum)0, 2, (ck::TailNumber)1>(ck::GridwiseMoeGemmMX_BPreshuffle<ck::tensor_layout::gemm::RowMajor, ck::tensor_layout::gemm::ColumnMajor, ck::Tuple<ck::tensor_layout::gemm::RowMajor, ck::tensor_layout::gemm::ColumnMajor, ck::tensor_layout::gemm::RowMajor>, ck::tensor_layout::gemm::RowMajor, ck::f4x2_pk_t, ck::e8m0_bexp_t, ck::f4x2_pk_t, ck::e8m0_bexp_t, float, float, ck::Tuple<float, float, float>, unsigned short, ck::tensor_operation::element_wise::PassThrough, ck::tensor_operation::element_wise::PassThrough, MulABScaleShuffled, (ck::tensor_operation::device::GemmSpecialization)0, 32, 64, 32, 32, 128, 16, 16, 16, 16, 2, 2, ck::Sequence<8, 8, 1>, ck::Sequence<1, 0, 2>, ck::Sequence<1, 0, 2>, 2, 16, 16, false, 1, ck::Sequence<8, 8, 1>, ck::Sequence<1, 0, 2>, ck::Sequence<1, 0, 2>, 2, 16, 16, false, 1, 2, 2, ck::Sequence<1, 16, 1, 4>, ck::Sequence<8, 1, 8>, (ck::BlockGemmPipelineScheduler)0, (ck::BlockGemmPipelineVersion)2, 1, false, true, false, int, ck::f4x2_pk_t, ck::f4x2_pk_t>::Argument)",26,26,True,3.83%,737.907,28.381,25.760,655.502,655.268,moe,kernel,hipGraphLaunch,33755
0.69%,92.86%,even_short,95,5.119,5.439,_ZN5aiter27mxfp4_quant_moe_sort_kernelIDF16bN4opus5fp4_tELi64ELi8EEEvPT0_PhPKT_PKiSA_iiiiiiiii,26,26,True,0.69%,133.416,5.131,4.799,683.884,683.728,moe,kernel,hipGraphLaunch,33755
2.33%,95.19%,even_short,96,17.299,22.239,"void ck::kernel_moe_mxgemm_2lds<ck::GridwiseMoeGemmMX_BPreshuffle<ck::tensor_layout::gemm::RowMajor, ck::tensor_layout::gemm::ColumnMajor, ck::Tuple<ck::tensor_layout::gemm::RowMajor, ck::tensor_layout::gemm::ColumnMajor, ck::tensor_layout::gemm::RowMajor>, ck::tensor_layout::gemm::RowMajor, ck::f4x2_pk_t, ck::e8m0_bexp_t, ck::f4x2_pk_t, ck::e8m0_bexp_t, float, float, ck::Tuple<float, float, float>, unsigned short, ck::tensor_operation::element_wise::PassThrough, ck::tensor_operation::element_wise::PassThrough, MulABScaleExpertWeightShuffled, (ck::tensor_operation::device::GemmSpecialization)0, 32, 256, 32, 128, 128, 16, 16, 16, 16, 2, 2, ck::Sequence<8, 32, 1>, ck::Sequence<1, 0, 2>, ck::Sequence<1, 0, 2>, 2, 16, 16, false, 1, ck::Sequence<8, 32, 1>, ck::Sequence<1, 0, 2>, ck::Sequence<1, 0, 2>, 2, 16, 16, false, 1, 2, 2, ck::Sequence<1, 8, 1, 32>, ck::Sequence<2, 1, 2>, (ck::BlockGemmPipelineScheduler)0, (ck::BlockGemmPipelineVersion)2, 0, false, false, true, int, ck::f4x2_pk_t, ck::f4x2_pk_t>, false, (ck::InMemoryDataOperationEnum)1, 2, (ck::TailNumber)1>(ck::GridwiseMoeGemmMX_BPreshuffle<ck::tensor_layout::gemm::RowMajor, ck::tensor_layout::gemm::ColumnMajor, ck::Tuple<ck::tensor_layout::gemm::RowMajor, ck::tensor_layout::gemm::ColumnMajor, ck::tensor_layout::gemm::RowMajor>, ck::tensor_layout::gemm::RowMajor, ck::f4x2_pk_t, ck::e8m0_bexp_t, ck::f4x2_pk_t, ck::e8m0_bexp_t, float, float, ck::Tuple<float, float, float>, unsigned short, ck::tensor_operation::element_wise::PassThrough, ck::tensor_operation::element_wise::PassThrough, MulABScaleExpertWeightShuffled, (ck::tensor_operation::device::GemmSpecialization)0, 32, 256, 32, 128, 128, 16, 16, 16, 16, 2, 2, ck::Sequence<8, 32, 1>, ck::Sequence<1, 0, 2>, ck::Sequence<1, 0, 2>, 2, 16, 16, false, 1, ck::Sequence<8, 32, 1>, ck::Sequence<1, 0, 2>, ck::Sequence<1, 0, 2>, 2, 16, 16, false, 1, 2, 2, ck::Sequence<1, 8, 1, 32>, ck::Sequence<2, 1, 2>, (ck::BlockGemmPipelineScheduler)0, (ck::BlockGemmPipelineVersion)2, 0, false, false, true, int, ck::f4x2_pk_t, ck::f4x2_pk_t>::Argument)",26,26,True,2.33%,449.220,17.278,13.319,689.016,688.869,moe,kernel,hipGraphLaunch,33755
0.61%,95.79%,even_short,97,4.519,4.759,"void at::native::vectorized_elementwise_kernel<8, at::native::CUDAFunctor_add<c10::BFloat16>, std::array<char*, 3ul> >(int, at::native::CUDAFunctor_add<c10::BFloat16>, std::array<char*, 3ul>)",26,26,True,0.61%,117.214,4.508,4.359,706.295,706.149,other,kernel,hipGraphLaunch,33755
1.56%,97.35%,even_short,98,11.579,13.839,_ZN5aiter26cross_device_reduce_2stageIDF16bLi8ELb0EEEvPNS_8RankDataES2_NS_11RankSignalsEPNS_6SignalEPT_ii,26,26,True,1.56%,300.497,11.558,9.079,710.804,710.789,all_reduce,kernel,hipGraphLaunch,33755
2.65%,100%,even_short,99,19.639,20.479,mhc_post_tilelang_kernel,26,26,True,2.65%,510.698,19.642,19.319,722.363,722.549,mhc_post_boundary,kernel,hipGraphLaunch,33755
